PRAGMA foreign_keys=OFF;
BEGIN TRANSACTION;
CREATE TABLE runs (
    run_id       INTEGER PRIMARY KEY AUTOINCREMENT,
    started_utc  TEXT NOT NULL,
    finished_utc TEXT,
    status       TEXT NOT NULL DEFAULT 'running',
    llm_model    TEXT,
    code_version TEXT,
    notes        TEXT
);
INSERT INTO runs VALUES(1,'2026-07-15T19:37:38+00:00','2026-07-15T19:37:38+00:00','skipped_market_closed','google/gemma-4-12b-qat','f018b8e','market closed');
INSERT INTO runs VALUES(2,'2026-07-15T20:16:31+00:00','2026-07-16T01:21:32+00:00','completed','google/gemma-4-12b-qat','f018b8e','');
CREATE TABLE decisions (
    id           INTEGER PRIMARY KEY AUTOINCREMENT,
    run_id       INTEGER NOT NULL REFERENCES runs(run_id),
    arm          TEXT NOT NULL,
    ticker       TEXT NOT NULL,
    signal       TEXT NOT NULL,             -- BUY / HOLD / SELL
    price        REAL,                      -- price at decision time
    rationale    TEXT,                      -- human-readable reasoning
    inputs_json  TEXT,                      -- full data packet the arm saw
    raw_response TEXT,                      -- LLM only: verbatim model output
    latency_ms   INTEGER,
    error        TEXT,                      -- non-null if the arm failed
    created_utc  TEXT NOT NULL
);
INSERT INTO decisions VALUES(1,2,'rules','AAPL','HOLD',327.5,'technical: uptrend (SMA50 300.5 > SMA200 273.09), RSI 68.78 ok -> BUY | fundamental: P/E 39.7, ROE 141% in neutral zone -> HOLD | sentiment: neutral score +1 across 8 headlines -> HOLD | vote {''BUY'': 1, ''HOLD'': 2} => HOLD','{"ticker": "AAPL", "asof_utc": "2026-07-15T20:16:31+00:00", "price": 327.5, "sma_short": 300.5, "sma_long": 273.09, "rsi": 68.78, "ret_1m_pct": 12.49, "ret_3m_pct": 26.65, "trailing_pe": 39.696968, "forward_pe": 34.040756, "roe": 1.4147099, "profit_margin": 0.27152002, "revenue_growth": 0.166, "debt_to_equity": 79.548, "headlines": ["Does the PayPal takeover deal make any sense?", "Sector Update: Tech Stocks Fall Late Afternoon", "Apple Is Up 20% in 2026. What Will It Take for AAPL Stock to Hit $350?", "Megacap Tech Names Push Indexes Higher", "Alibaba Stock Is Jumping -- Apple Picks Qwen AI for China iPhones", "Apple Looks to Buy AI Chip Startups", "India Approves $19.7 Billion to Expand Chip and Smartphone Manufacturing", "Equity Markets Rise Intraday as Big Tech Gains"]}',NULL,NULL,NULL,'2026-07-15T20:17:02+00:00');
INSERT INTO decisions VALUES(2,2,'llm','AAPL','BUY',327.5,'[conf 0.85] AAPL exhibits strong bullish momentum with a 26.65% return over 3 months and a price well above both the SMA50 and SMA200. The company''s robust ROE of 141.5% and strategic moves into AI chip startups and manufacturing expansion in India provide a solid long-term growth narrative. While the RSI is approaching overbought territory, the fundamental strength and revenue growth justify a new position for a 6-12 month horizon.','{"ticker": "AAPL", "asof_utc": "2026-07-15T20:16:31+00:00", "price": 327.5, "sma_short": 300.5, "sma_long": 273.09, "rsi": 68.78, "ret_1m_pct": 12.49, "ret_3m_pct": 26.65, "trailing_pe": 39.696968, "forward_pe": 34.040756, "roe": 1.4147099, "profit_margin": 0.27152002, "revenue_growth": 0.166, "debt_to_equity": 79.548, "headlines": ["Does the PayPal takeover deal make any sense?", "Sector Update: Tech Stocks Fall Late Afternoon", "Apple Is Up 20% in 2026. What Will It Take for AAPL Stock to Hit $350?", "Megacap Tech Names Push Indexes Higher", "Alibaba Stock Is Jumping -- Apple Picks Qwen AI for China iPhones", "Apple Looks to Buy AI Chip Startups", "India Approves $19.7 Billion to Expand Chip and Smartphone Manufacturing", "Equity Markets Rise Intraday as Big Tech Gains"]}','{"content": "{\n  \"signal\": \"BUY\",\n  \"confidence\": 0.85,\n  \"reasoning\": \"AAPL exhibits strong bullish momentum with a 26.65% return over 3 months and a price well above both the SMA50 and SMA200. The company''s robust ROE of 141.5% and strategic moves into AI chip startups and manufacturing expansion in India provide a solid long-term growth narrative. While the RSI is approaching overbought territory, the fundamental strength and revenue growth justify a new position for a 6-12 month horizon.\"\n}", "reasoning_content": "*   Ticker: AAPL\n    *   Current Position: None\n    *   Horizon: 6-12 months\n    *   Price: $327.50\n    *   SMA50: $300.50 (Price is above SMA50)\n    *   SMA200: $273.09 (Price is above SMA200)\n    *   RSI14: 68.78 (Approaching overbought territory, but still strong momentum)\n    *   Returns: 1m (+12.49%), 3m (+26.65%) - Strong upward trend.\n    *   P/E: Trailing 39.70, Forward 34.04 (Premium valuation, but consistent with high-growth tech).\n    *   ROE: 141.5% (Excellent profitability).\n    *   Profit Margin: 27.2% (Strong).\n    *   Revenue Growth: 16.6% (Solid).\n    *   Debt/Equity: 79.55 (Manageable).\n    *   Headlines:\n        *   Positive: Apple up 20% in 2026, looking to buy AI chip startups, India manufacturing expansion, Big Tech gains.\n        *   Neutral/Mixed: Tech stocks fall late afternoon (short-term noise), PayPal takeover (irrelevant to AAPL directly), Alibaba/Qwen AI (China market context).\n\n    *   *Bull Case:* Strong momentum (3m return +26.65%), high ROE, expansion into AI chips, and manufacturing expansion in India. The stock is trading above both major SMAs.\n    *   *Bear Case:* RSI is high (68.78), suggesting a potential pullback or consolidation soon. Forward P/E of 34 is relatively high.\n    *   *Decision:* The 6-12 month horizon favors the growth narrative (AI chips, manufacturing expansion, strong revenue growth). While the RSI is high, the trend is clearly bullish.\n\n    *   Signal: BUY\n    *   Confidence: 0.85 (High confidence due to strong fundamentals and growth narrative, slightly tempered by high RSI).\n    *   Reasoning: AAPL shows strong bullish momentum with a 26.65% 3-month return and significant growth in AI chip investments and manufacturing expansion. Despite a high RSI, the robust ROE of 141.5% and solid revenue growth support a long-term bullish outlook.\n\n    *   JSON format? Yes.\n    *   Only JSON? Yes.\n    *   One action? Yes.\n    *   Reasoning 2-4 sentences? Yes.", "finish_reason": "stop"}',91017,NULL,'2026-07-15T20:18:33+00:00');
INSERT INTO decisions VALUES(3,2,'rules','MSFT','HOLD',395.6299999999999955,'technical: downtrend (SMA50 401.88 <= SMA200 438.98) -> SELL | fundamental: P/E 23.6 < 30, ROE 34% > 15% -> BUY | sentiment: neutral score +1 across 8 headlines -> HOLD | vote {''SELL'': 1, ''BUY'': 1, ''HOLD'': 1} => HOLD','{"ticker": "MSFT", "asof_utc": "2026-07-15T20:16:32+00:00", "price": 395.63, "sma_short": 401.88, "sma_long": 438.98, "rsi": 53.54, "ret_1m_pct": 1.25, "ret_3m_pct": 0.86, "trailing_pe": 23.577473, "forward_pe": 20.426443, "roe": 0.34013999, "profit_margin": 0.39341998, "revenue_growth": 0.183, "debt_to_equity": 30.271, "headlines": ["Apple, Goldman Sachs, and Chevron are powering the Dow \u2014 for wildly different reasons: AlphaCheck", "Microsoft Stock Rises After Evercore Hikes Price Target on AI Growth", "Citi Trims Microsoft Target", "Veteran Bank Resets Microsoft Stock Price Target for 2027", "Sector Update: Tech Stocks Fall Late Afternoon", "Market Chatter: Microsoft Overhauls Security Business to Capture AI Demand", "Apple Is Up 20% in 2026. What Will It Take for AAPL Stock to Hit $350?", "Microsoft\u2019s Price Target Is Lowered; Analyst Remains Positive on the Mag 7 Stock"]}',NULL,NULL,NULL,'2026-07-15T20:18:33+00:00');
INSERT INTO decisions VALUES(4,2,'llm','MSFT','BUY',395.6299999999999955,'[conf 0.85] Microsoft exhibits exceptionally strong fundamentals with a 39.3% profit margin, 34% ROE, and robust 18.3% revenue growth. The forward P/E of 20.43 is attractive for a market leader, suggesting the current price below the SMA200 represents a favorable entry point during a consolidation phase. Continued AI integration and security business overhauls provide a clear growth catalyst for the 6-12 month horizon.','{"ticker": "MSFT", "asof_utc": "2026-07-15T20:16:32+00:00", "price": 395.63, "sma_short": 401.88, "sma_long": 438.98, "rsi": 53.54, "ret_1m_pct": 1.25, "ret_3m_pct": 0.86, "trailing_pe": 23.577473, "forward_pe": 20.426443, "roe": 0.34013999, "profit_margin": 0.39341998, "revenue_growth": 0.183, "debt_to_equity": 30.271, "headlines": ["Apple, Goldman Sachs, and Chevron are powering the Dow \u2014 for wildly different reasons: AlphaCheck", "Microsoft Stock Rises After Evercore Hikes Price Target on AI Growth", "Citi Trims Microsoft Target", "Veteran Bank Resets Microsoft Stock Price Target for 2027", "Sector Update: Tech Stocks Fall Late Afternoon", "Market Chatter: Microsoft Overhauls Security Business to Capture AI Demand", "Apple Is Up 20% in 2026. What Will It Take for AAPL Stock to Hit $350?", "Microsoft\u2019s Price Target Is Lowered; Analyst Remains Positive on the Mag 7 Stock"]}','{"content": "{\"signal\": \"BUY\", \"confidence\": 0.85, \"reasoning\": \"Microsoft exhibits exceptionally strong fundamentals with a 39.3% profit margin, 34% ROE, and robust 18.3% revenue growth. The forward P/E of 20.43 is attractive for a market leader, suggesting the current price below the SMA200 represents a favorable entry point during a consolidation phase. Continued AI integration and security business overhauls provide a clear growth catalyst for the 6-12 month horizon.\"}", "reasoning_content": "*   Ticker: MSFT\n    *   Current Position: None\n    *   Horizon: 6-12 months\n    *   Price: $395.63\n    *   SMA50: $401.88 (Price is below SMA50)\n    *   SMA200: $438.98 (Price is significantly below SMA200)\n    *   RSI14: 53.54 (Neutral)\n    *   Returns: 1m (1.25%), 3m (0.86%) - Relatively flat/slow growth.\n    *   P/E: Trailing 23.58, Forward 20.43 (Attractive forward valuation for a high-growth tech giant).\n    *   ROE: 34.0% (Strong)\n    *   Profit Margin: 39.3% (Excellent)\n    *   Revenue Growth: 18.3% (Strong)\n    *   Debt/Equity: 30.27 (Manageable)\n    *   Headlines: Mixed. Evercore hiked price target on AI growth; Citi trimmed target; Analyst lowered target but remains positive; Security business overhaul for AI demand.\n\n    *   *Bull Case:* Strong fundamentals (ROE, Profit Margin, Revenue Growth), attractive forward P/E (20.43), and clear AI growth narrative.\n    *   *Bear Case:* Price is below both SMA50 and SMA200, indicating a downtrend or consolidation. Mixed analyst sentiment (some hikes, some trims).\n    *   *Synthesis:* The fundamentals are very strong, suggesting a high-quality company. The price is currently in a pullback/consolidation phase relative to long-term averages (SMA200). For a 6-12 month horizon, buying during a consolidation phase with strong growth fundamentals is a classic \"buy the dip\" strategy.\n\n    *   Signal: BUY\n    *   Confidence: 0.85 (High confidence in fundamentals, slight caution on the technical downtrend).\n    *   Reasoning: Strong fundamentals including a 39.3% profit margin and 18.3% revenue growth support a long-term bullish outlook. The forward P/E of 20.43 is attractive despite the current price being below the SMA200, suggesting a potential entry point during a consolidation phase. AI-driven growth and security business overhauls provide a solid catalyst for the 6-12 month horizon.\n\n    *   JSON format? Yes.\n    *   Only JSON? Yes.\n    *   One action? Yes.\n    *   Reasoning 2-4 sentences? Yes.", "finish_reason": "stop"}',60276,NULL,'2026-07-15T20:19:33+00:00');
INSERT INTO decisions VALUES(5,2,'rules','NVDA','HOLD',212.5,'technical: uptrend (SMA50 209.5 > SMA200 191.95), RSI 56.92 ok -> BUY | fundamental: P/E 32.6, ROE 114% in neutral zone -> HOLD | sentiment: neutral score +0 across 8 headlines -> HOLD | vote {''BUY'': 1, ''HOLD'': 2} => HOLD','{"ticker": "NVDA", "asof_utc": "2026-07-15T20:16:33+00:00", "price": 212.5, "sma_short": 209.5, "sma_long": 191.95, "rsi": 56.92, "ret_1m_pct": 3.56, "ret_3m_pct": 8.26, "trailing_pe": 32.592026, "forward_pe": 16.595171, "roe": 1.14288, "profit_margin": 0.62966, "revenue_growth": 0.852, "debt_to_equity": 6.555, "headlines": ["YieldMax launches a new SpaceX options ETF: What investors should know", "Why ASML''s sales forecast lift is a ''real vote of confidence'' for the AI trade", "Chinese AI model developer DeepSeek preps for IPO: What to know", "Why Progressive Insurance Fell Today", "IonQ: This Quantum Computing Pioneer Is a No-Brainer Buy (NYSE: IONQ)", "Why Sandisk Stock Dropped Again Today", "Investing $1,000 in SpaceX: Could It Deliver Life-Changing Returns?", "Prediction: This Will Be Nvidia''s Stock Price by 2028"]}',NULL,NULL,NULL,'2026-07-15T20:19:33+00:00');
INSERT INTO decisions VALUES(6,2,'llm','NVDA','BUY',212.5,'[conf 0.88] NVDA shows exceptional fundamental strength with 85.2% revenue growth and a high 63% profit margin, supported by an attractive forward P/E of 16.60. The price is trending above both the SMA50 and SMA200, confirming a bullish momentum with a healthy RSI of 56.92.','{"ticker": "NVDA", "asof_utc": "2026-07-15T20:16:33+00:00", "price": 212.5, "sma_short": 209.5, "sma_long": 191.95, "rsi": 56.92, "ret_1m_pct": 3.56, "ret_3m_pct": 8.26, "trailing_pe": 32.592026, "forward_pe": 16.595171, "roe": 1.14288, "profit_margin": 0.62966, "revenue_growth": 0.852, "debt_to_equity": 6.555, "headlines": ["YieldMax launches a new SpaceX options ETF: What investors should know", "Why ASML''s sales forecast lift is a ''real vote of confidence'' for the AI trade", "Chinese AI model developer DeepSeek preps for IPO: What to know", "Why Progressive Insurance Fell Today", "IonQ: This Quantum Computing Pioneer Is a No-Brainer Buy (NYSE: IONQ)", "Why Sandisk Stock Dropped Again Today", "Investing $1,000 in SpaceX: Could It Deliver Life-Changing Returns?", "Prediction: This Will Be Nvidia''s Stock Price by 2028"]}','{"content": "{\"signal\": \"BUY\", \"confidence\": 0.88, \"reasoning\": \"NVDA shows exceptional fundamental strength with 85.2% revenue growth and a high 63% profit margin, supported by an attractive forward P/E of 16.60. The price is trending above both the SMA50 and SMA200, confirming a bullish momentum with a healthy RSI of 56.92.\"}", "reasoning_content": "*   Ticker: NVDA\n    *   Current Position: None\n    *   Horizon: 6-12 months\n    *   Price: $212.50\n    *   SMA50: $209.50 (Price > SMA50)\n    *   SMA200: $191.95 (Price > SMA200)\n    *   RSI14: 56.92 (Neutral/Bullish, not overbought)\n    *   Returns: 1m (3.56%), 3m (8.26%) - Positive momentum.\n    *   Trailing P/E: 32.59\n    *   Forward P/E: 16.60 (Significant compression, suggests high growth expectations)\n    *   ROE: 114.3% (Extremely high)\n    *   Profit Margin: 63.0% (Extremely high)\n    *   Revenue Growth: 85.2% (Very high)\n    *   Debt/Equity: 6.55 (Relatively high, but common for high-growth tech)\n    *   Headlines: Mentions of AI trade confidence (ASML), DeepSeek IPO, and specific price predictions for NVDA.\n\n    *   *Bullish:* Strong revenue growth (85.2%), high profit margins (63%), and high ROE (114.3%) indicate a dominant market position. The forward P/E of 16.60 is attractive given the growth rate. Price is above both SMA50 and SMA200, showing a clear uptrend.\n    *   *Bearish/Neutral:* Debt/Equity is high (6.55). RSI is approaching overbought territory but still healthy.\n\n    *   The fundamentals are exceptionally strong. The forward P/E suggests the stock is reasonably valued relative to its massive growth. The trend is positive.\n    *   Action: BUY.\n    *   Confidence: High (around 0.85-0.90) because the growth metrics are stellar.\n\n    *   Signal: BUY\n    *   Confidence: 0.88\n    *   Reasoning: NVDA exhibits exceptional growth metrics with 85.2% revenue growth and a high 63% profit margin, supported by a very attractive forward P/E of 16.60. The price remains above both the SMA50 and SMA200, confirming a strong bullish trend with healthy RSI levels.", "finish_reason": "stop"}',73476,NULL,'2026-07-15T20:20:47+00:00');
INSERT INTO decisions VALUES(7,2,'rules','GOOGL','BUY',370.9200000000000159,'technical: uptrend (SMA50 371.89 > SMA200 320.28), RSI 56.9 ok -> BUY | fundamental: P/E 28.3 < 30, ROE 39% > 15% -> BUY | sentiment: net score +2 across 8 headlines -> BUY | vote {''BUY'': 3} => BUY','{"ticker": "GOOGL", "asof_utc": "2026-07-15T20:16:34+00:00", "price": 370.92, "sma_short": 371.89, "sma_long": 320.28, "rsi": 56.9, "ret_1m_pct": 3.13, "ret_3m_pct": 11.48, "trailing_pe": 28.271343, "forward_pe": 25.421082, "roe": 0.38884997, "profit_margin": 0.37919, "revenue_growth": 0.218, "debt_to_equity": 20.026, "headlines": ["Stock market today: Dow, S&P 500, Nasdaq rise as Apple notches record high", "Why Netflix is a lot less ''compelling'' than these 2 media stocks", "Chinese AI model developer DeepSeek preps for IPO: What to know", "Better Artificial Intelligence (AI) Stock: Alphabet Versus Meta Platforms", "Why Shoals (SHLS) Stock Is Trading Up Today", "Megacap Tech Names Push Indexes Higher", "Oracle Leads Race for Japan''s Classified Cloud", "Data Center Backlash Will Help These REITs, Wall Street Says"]}',NULL,NULL,NULL,'2026-07-15T20:20:47+00:00');
INSERT INTO decisions VALUES(8,2,'llm','GOOGL','BUY',370.9200000000000159,'[conf 0.88] Alphabet exhibits very strong fundamentals with a 21.8% revenue growth rate, 38.9% ROE, and high profit margins. The stock is trading well above its SMA200 and is being highlighted in headlines as a superior AI play compared to peers. The forward P/E of 25.42 suggests reasonable valuation for its growth profile over a 6-12 month horizon.','{"ticker": "GOOGL", "asof_utc": "2026-07-15T20:16:34+00:00", "price": 370.92, "sma_short": 371.89, "sma_long": 320.28, "rsi": 56.9, "ret_1m_pct": 3.13, "ret_3m_pct": 11.48, "trailing_pe": 28.271343, "forward_pe": 25.421082, "roe": 0.38884997, "profit_margin": 0.37919, "revenue_growth": 0.218, "debt_to_equity": 20.026, "headlines": ["Stock market today: Dow, S&P 500, Nasdaq rise as Apple notches record high", "Why Netflix is a lot less ''compelling'' than these 2 media stocks", "Chinese AI model developer DeepSeek preps for IPO: What to know", "Better Artificial Intelligence (AI) Stock: Alphabet Versus Meta Platforms", "Why Shoals (SHLS) Stock Is Trading Up Today", "Megacap Tech Names Push Indexes Higher", "Oracle Leads Race for Japan''s Classified Cloud", "Data Center Backlash Will Help These REITs, Wall Street Says"]}','{"content": "{\"signal\": \"BUY\", \"confidence\": 0.88, \"reasoning\": \"Alphabet exhibits very strong fundamentals with a 21.8% revenue growth rate, 38.9% ROE, and high profit margins. The stock is trading well above its SMA200 and is being highlighted in headlines as a superior AI play compared to peers. The forward P/E of 25.42 suggests reasonable valuation for its growth profile over a 6-12 month horizon.\"}", "reasoning_content": "*   Ticker: GOOGL\n    *   Current Position: None\n    *   Horizon: 6-12 months\n    *   Price: $370.92\n    *   SMA50: $371.89 (Price is slightly below SMA50)\n    *   SMA200: $320.28 (Price is well above SMA200 - long-term bullish)\n    *   RSI14: 56.90 (Neutral/slightly bullish)\n    *   Returns: 1m (3.13%), 3m (11.48%) - Positive momentum.\n    *   P/E: Trailing 28.27, Forward 25.42 (Reasonable for a mega-cap tech)\n    *   ROE: 38.9% (Very high)\n    *   Profit Margin: 37.9% (Very high)\n    *   Revenue Growth: 21.8% (Strong)\n    *   Debt/Equity: 20.03 (Manageable for a tech giant)\n    *   Headlines: Mentions \"Alphabet Versus Meta Platforms\" as a \"Better Artificial Intelligence (AI) Stock\", indicating positive sentiment in the AI space.\n\n    *   *Bullish Factors:* Strong revenue growth (21.8%), high ROE (38.9%), high profit margins (37.9%), and positive 3-month momentum. The stock is trading significantly above its 200-day SMA. Headlines suggest it''s a preferred AI play.\n    *   *Bearish/Neutral Factors:* Price is slightly below the 50-day SMA, but only by a small margin. RSI is not overbought.\n    *   *Conclusion:* The fundamentals are very strong, and the growth profile supports a long-term (6-12 month) position. The \"Better AI Stock\" headline provides a qualitative tailwind.\n\n    *   Signal: BUY\n    *   Confidence: 0.85 (Strong fundamentals, clear growth, but slight price dip below SMA50 suggests waiting for a minor consolidation or just buying the dip).\n    *   Reasoning: Strong fundamentals including a 21.8% revenue growth rate and 38.9% ROE support a long-term bullish outlook. The stock maintains a healthy forward P/E of 25.42 while being positioned as a leading AI play in recent headlines. Positive 3-month momentum and a significant premium over the SMA200 indicate robust underlying strength.", "finish_reason": "stop"}',117882,NULL,'2026-07-15T20:22:53+00:00');
INSERT INTO decisions VALUES(9,2,'rules','META','HOLD',681.3099999999999454,'technical: downtrend (SMA50 602.31 <= SMA200 640.37) -> SELL | fundamental: P/E 24.8 < 30, ROE 33% > 15% -> BUY | sentiment: neutral score +1 across 8 headlines -> HOLD | vote {''SELL'': 1, ''BUY'': 1, ''HOLD'': 1} => HOLD','{"ticker": "META", "asof_utc": "2026-07-15T20:16:35+00:00", "price": 681.31, "sma_short": 602.31, "sma_long": 640.37, "rsi": 66.82, "ret_1m_pct": 20.28, "ret_3m_pct": 2.94, "trailing_pe": 24.774908, "forward_pe": 18.753908, "roe": 0.32930002, "profit_margin": 0.32837, "revenue_growth": 0.331, "debt_to_equity": 35.608, "headlines": ["Chinese AI model developer DeepSeek preps for IPO: What to know", "Better Artificial Intelligence (AI) Stock: Alphabet Versus Meta Platforms", "Why I Won\u2019t Stop Buying Meta Before September", "Dell, Micron, SanDisk tumble as AI hardware rally hits reversal", "Meta employees sue over alleged AI-driven layoffs targeting workers on leave", "Zuckerberg is a \u201cBrilliant Gangster\u201d: Dana White\u2019s Inside Look at the Meta Boardroom", "A look inside Meta\u2019s Menlo Park headquarters", "AMD Went From AI Afterthought to Nvidia Equal in Just 3 Years. Can the Momentum Continue?"]}',NULL,NULL,NULL,'2026-07-15T20:22:53+00:00');
INSERT INTO decisions VALUES(10,2,'llm','META','HOLD',681.3099999999999454,'LLM unavailable — defaulting to HOLD (no directional bias)','{"ticker": "META", "asof_utc": "2026-07-15T20:16:35+00:00", "price": 681.31, "sma_short": 602.31, "sma_long": 640.37, "rsi": 66.82, "ret_1m_pct": 20.28, "ret_3m_pct": 2.94, "trailing_pe": 24.774908, "forward_pe": 18.753908, "roe": 0.32930002, "profit_margin": 0.32837, "revenue_growth": 0.331, "debt_to_equity": 35.608, "headlines": ["Chinese AI model developer DeepSeek preps for IPO: What to know", "Better Artificial Intelligence (AI) Stock: Alphabet Versus Meta Platforms", "Why I Won\u2019t Stop Buying Meta Before September", "Dell, Micron, SanDisk tumble as AI hardware rally hits reversal", "Meta employees sue over alleged AI-driven layoffs targeting workers on leave", "Zuckerberg is a \u201cBrilliant Gangster\u201d: Dana White\u2019s Inside Look at the Meta Boardroom", "A look inside Meta\u2019s Menlo Park headquarters", "AMD Went From AI Afterthought to Nvidia Equal in Just 3 Years. Can the Momentum Continue?"]}',NULL,NULL,'HTTPError: 400 Client Error: Bad Request for url: http://localhost:1234/v1/chat/completions','2026-07-15T21:19:34+00:00');
INSERT INTO decisions VALUES(11,2,'rules','CRM','HOLD',167.0,'technical: downtrend (SMA50 171.92 <= SMA200 208.19) -> SELL | fundamental: P/E 19.4 < 30, ROE 17% > 15% -> BUY | sentiment: neutral score -1 across 8 headlines -> HOLD | vote {''SELL'': 1, ''BUY'': 1, ''HOLD'': 1} => HOLD','{"ticker": "CRM", "asof_utc": "2026-07-15T20:16:37+00:00", "price": 167.0, "sma_short": 171.92, "sma_long": 208.19, "rsi": 50.69, "ret_1m_pct": 0.67, "ret_3m_pct": -2.26, "trailing_pe": 19.3511, "forward_pe": 10.756691, "roe": 0.16908, "profit_margin": 0.18733, "revenue_growth": 0.133, "debt_to_equity": 124.282, "headlines": ["IBM Just Crashed. If Wall Street Pros Are Right The Stock Could Soar From Here", "Does Microsoft Stock Present an Opportunity via Teams Monetization?", "IBM Selloff Deepens After Q2 Warning", "Bernstein\u2019s mid-year CIO survey calls for strong IT budget growth in 2026", "IBM downgraded, Cava upgraded: Wall Street''s top analyst calls", "Don\u2019t Miss the Surprising Signal to Buy ServiceNow Before July 22", "ADBE Looks Cheap. The Data Says Be Careful", "ADBE, CRM, NOW, MSFT: Software Stocks Fall After IBM Warns Clients Shifting Spending To Servers, Cybersecurity"]}',NULL,NULL,NULL,'2026-07-15T21:19:34+00:00');
INSERT INTO decisions VALUES(12,2,'llm','CRM','HOLD',167.0,'LLM unavailable — defaulting to HOLD (no directional bias)','{"ticker": "CRM", "asof_utc": "2026-07-15T20:16:37+00:00", "price": 167.0, "sma_short": 171.92, "sma_long": 208.19, "rsi": 50.69, "ret_1m_pct": 0.67, "ret_3m_pct": -2.26, "trailing_pe": 19.3511, "forward_pe": 10.756691, "roe": 0.16908, "profit_margin": 0.18733, "revenue_growth": 0.133, "debt_to_equity": 124.282, "headlines": ["IBM Just Crashed. If Wall Street Pros Are Right The Stock Could Soar From Here", "Does Microsoft Stock Present an Opportunity via Teams Monetization?", "IBM Selloff Deepens After Q2 Warning", "Bernstein\u2019s mid-year CIO survey calls for strong IT budget growth in 2026", "IBM downgraded, Cava upgraded: Wall Street''s top analyst calls", "Don\u2019t Miss the Surprising Signal to Buy ServiceNow Before July 22", "ADBE Looks Cheap. The Data Says Be Careful", "ADBE, CRM, NOW, MSFT: Software Stocks Fall After IBM Warns Clients Shifting Spending To Servers, Cybersecurity"]}',NULL,NULL,'HTTPError: 400 Client Error: Bad Request for url: http://localhost:1234/v1/chat/completions','2026-07-15T23:22:51+00:00');
INSERT INTO decisions VALUES(13,2,'rules','NFLX','HOLD',73.68000000000000683,'technical: downtrend (SMA50 81.27 <= SMA200 94.23) -> SELL | fundamental: P/E 23.8 < 30, ROE 48% > 15% -> BUY | sentiment: neutral score +1 across 8 headlines -> HOLD | vote {''SELL'': 1, ''BUY'': 1, ''HOLD'': 1} => HOLD','{"ticker": "NFLX", "asof_utc": "2026-07-15T20:16:38+00:00", "price": 73.68, "sma_short": 81.27, "sma_long": 94.23, "rsi": 39.45, "ret_1m_pct": -8.29, "ret_3m_pct": -30.67, "trailing_pe": 23.767742, "forward_pe": 19.222841, "roe": 0.48494998, "profit_margin": 0.28521, "revenue_growth": 0.162, "debt_to_equity": 53.788, "headlines": ["Experts weigh the risks and rewards of Paramount-WBD deal", "Why Netflix is a lot less ''compelling'' than these 2 media stocks", "A Red Flag Was Just Raised Ahead of Netflix''s July 16 Earnings Report -- Here''s What It Means for the Stock Price", "Netflix is quietly testing free trials again \u2014 6 years after killing them off", "Prediction: Netflix Could Hit a New High With 268% Upside. Tomorrow\u2019s Earnings Could Spark The Rally", "Netflix (NFLX): The Worst Blue Chip Stock to Buy Now", "1 Incredible Reason to Buy Netflix Stock Before It Reports Earnings on July 16", "What Alphabet Stock''s Calm Price Doesn''t Tell You About Its Potential Swing"]}',NULL,NULL,NULL,'2026-07-15T23:22:51+00:00');
INSERT INTO decisions VALUES(14,2,'llm','NFLX','BUY',73.68000000000000683,'[conf 0.78] NFLX is trading at a significant discount to its SMA200 and shows signs of being oversold with a 30% drop over 3 months. The forward P/E of 19.22 combined with a high ROE of 48.5% suggests a strong value proposition for a high-quality growth stock. Despite bearish headlines, the underlying fundamentals and potential for mean reversion make this an attractive entry point for a 6-12 month horizon.','{"ticker": "NFLX", "asof_utc": "2026-07-15T20:16:38+00:00", "price": 73.68, "sma_short": 81.27, "sma_long": 94.23, "rsi": 39.45, "ret_1m_pct": -8.29, "ret_3m_pct": -30.67, "trailing_pe": 23.767742, "forward_pe": 19.222841, "roe": 0.48494998, "profit_margin": 0.28521, "revenue_growth": 0.162, "debt_to_equity": 53.788, "headlines": ["Experts weigh the risks and rewards of Paramount-WBD deal", "Why Netflix is a lot less ''compelling'' than these 2 media stocks", "A Red Flag Was Just Raised Ahead of Netflix''s July 16 Earnings Report -- Here''s What It Means for the Stock Price", "Netflix is quietly testing free trials again \u2014 6 years after killing them off", "Prediction: Netflix Could Hit a New High With 268% Upside. Tomorrow\u2019s Earnings Could Spark The Rally", "Netflix (NFLX): The Worst Blue Chip Stock to Buy Now", "1 Incredible Reason to Buy Netflix Stock Before It Reports Earnings on July 16", "What Alphabet Stock''s Calm Price Doesn''t Tell You About Its Potential Swing"]}','{"content": "{\"signal\": \"BUY\", \"confidence\": 0.78, \"reasoning\": \"NFLX is trading at a significant discount to its SMA200 and shows signs of being oversold with a 30% drop over 3 months. The forward P/E of 19.22 combined with a high ROE of 48.5% suggests a strong value proposition for a high-quality growth stock. Despite bearish headlines, the underlying fundamentals and potential for mean reversion make this an attractive entry point for a 6-12 month horizon.\"}", "reasoning_content": "*   Ticker: NFLX\n    *   Current Position: None\n    *   Horizon: 6-12 months\n    *   Price: $73.68\n    *   SMA50: $81.27 (Price is below SMA50)\n    *   SMA200: $94.23 (Price is significantly below SMA200)\n    *   RSI14: 39.45 (Approaching oversold territory, but not quite there)\n    *   Returns: -8.29% (1m), -30.67% (3m) - Significant recent downtrend.\n\n    *   Trailing P/E: 23.77\n    *   Forward P/E: 19.22 (Attractive forward valuation)\n    *   ROE: 48.5% (Very high)\n    *   Profit Margin: 28.5% (Strong)\n    *   Revenue Growth: 16.2% (Solid)\n    *   Debt/Equity: 53.79 (Manageable)\n\n    *   Mixed sentiment: \"Less compelling,\" \"Worst Blue Chip to Buy Now\" vs. \"Could Hit a New High,\" \"Incredible Reason to Buy.\"\n    *   Key Event: Earnings report on July 16 (Tomorrow).\n    *   Strategic Move: Testing free trials again (potential for subscriber growth).\n\n    *   *Bull Case:* The stock is significantly oversold (30% drop in 3 months), trading well below its 200-day moving average. The forward P/E of 19.22 is quite attractive for a high-growth media giant with 48.5% ROE. The \"Red Flag\" and \"Worst Blue Chip\" headlines suggest a fear-driven sell-off that might be overextended.\n    *   *Bear Case:* The stock is in a clear downtrend (below SMA50 and SMA200). Earnings tomorrow could be volatile. Some analysts are calling it \"less compelling.\"\n    *   *Decision:* Given the 6-12 month horizon, the current price ($73.68) relative to the SMA200 ($94.23) and the forward P/E suggests a value entry point. The RSI is low enough to indicate a potential mean reversion. However, since the earnings report is tomorrow, there is high immediate volatility. For a long-only portfolio, buying a high-quality asset with strong fundamentals (ROE, margins) at a discount is a standard \"Buy\" signal.\n\n    *   Signal: BUY\n    *   Confidence: 0.75 (High confidence in fundamentals, moderate on timing due to earnings).\n    *   Reasoning: The stock is trading at a significant discount to its SMA200 and shows strong fundamental health with a 48.5% ROE and a compelling forward P/E of 19.22. Despite recent price depreciation, the high profit margins and revenue growth suggest a robust long-term outlook.\n\n    *   JSON only? Yes.\n    *   One action? Yes.\n    *   Reasoning 2-4 sentences? Yes.", "finish_reason": "stop"}',112411,NULL,'2026-07-16T00:49:54+00:00');
INSERT INTO decisions VALUES(15,2,'rules','AMZN','BUY',254.9600000000000079,'technical: uptrend (SMA50 253.1 > SMA200 233.79), RSI 60.14 ok -> BUY | fundamental: P/E 30.5, ROE 24% in neutral zone -> HOLD | sentiment: net score +4 across 8 headlines -> BUY | vote {''BUY'': 2, ''HOLD'': 1} => BUY','{"ticker": "AMZN", "asof_utc": "2026-07-15T20:16:39+00:00", "price": 254.96, "sma_short": 253.1, "sma_long": 233.79, "rsi": 60.14, "ret_1m_pct": 6.88, "ret_3m_pct": 2.39, "trailing_pe": 30.461172, "forward_pe": 25.7892, "roe": 0.24285, "profit_margin": 0.12224, "revenue_growth": 0.166, "debt_to_equity": 53.3, "headlines": ["Apple, Goldman Sachs, and Chevron are powering the Dow \u2014 for wildly different reasons: AlphaCheck", "One chart reveals why investors are concerned about earnings from Microsoft, Amazon, and other hyperscalers", "Apple Is Up 20% in 2026. What Will It Take for AAPL Stock to Hit $350?", "Megacap Tech Names Push Indexes Higher", "Amazon Stock Rises After CEO Says AI Chip Demand Is Booming", "Oracle Leads Race for Japan''s Classified Cloud", "AMZN Stock Rallies Over 3% \u2014 Amazon Reshuffles AWS Leadership As Veteran Dave Brown Exits, Dave Treadwell Takes Over", "Equity Markets Rise Intraday as Big Tech Gains"]}',NULL,NULL,NULL,'2026-07-16T00:49:54+00:00');
INSERT INTO decisions VALUES(16,2,'llm','AMZN','BUY',254.9600000000000079,'[conf 0.85] AMZN shows strong bullish momentum with the price trading above both the SMA50 and SMA200, supported by a 6.88% return over the last month. The forward P/E of 25.79 suggests attractive valuation relative to its 16.6% revenue growth and high ROE of 24.3%. Positive sentiment regarding booming AI chip demand provides a significant tailwind for the AWS segment despite broader hyperscaler concerns.','{"ticker": "AMZN", "asof_utc": "2026-07-15T20:16:39+00:00", "price": 254.96, "sma_short": 253.1, "sma_long": 233.79, "rsi": 60.14, "ret_1m_pct": 6.88, "ret_3m_pct": 2.39, "trailing_pe": 30.461172, "forward_pe": 25.7892, "roe": 0.24285, "profit_margin": 0.12224, "revenue_growth": 0.166, "debt_to_equity": 53.3, "headlines": ["Apple, Goldman Sachs, and Chevron are powering the Dow \u2014 for wildly different reasons: AlphaCheck", "One chart reveals why investors are concerned about earnings from Microsoft, Amazon, and other hyperscalers", "Apple Is Up 20% in 2026. What Will It Take for AAPL Stock to Hit $350?", "Megacap Tech Names Push Indexes Higher", "Amazon Stock Rises After CEO Says AI Chip Demand Is Booming", "Oracle Leads Race for Japan''s Classified Cloud", "AMZN Stock Rallies Over 3% \u2014 Amazon Reshuffles AWS Leadership As Veteran Dave Brown Exits, Dave Treadwell Takes Over", "Equity Markets Rise Intraday as Big Tech Gains"]}','{"content": "{\"signal\": \"BUY\", \"confidence\": 0.85, \"reasoning\": \"AMZN shows strong bullish momentum with the price trading above both the SMA50 and SMA200, supported by a 6.88% return over the last month. The forward P/E of 25.79 suggests attractive valuation relative to its 16.6% revenue growth and high ROE of 24.3%. Positive sentiment regarding booming AI chip demand provides a significant tailwind for the AWS segment despite broader hyperscaler concerns.\"}", "reasoning_content": "*   Ticker: AMZN\n    *   Current Position: None\n    *   Horizon: 6-12 months\n    *   Price: $254.96\n    *   SMA50: $253.10 (Price is above SMA50)\n    *   SMA200: $233.79 (Price is well above SMA200 - bullish trend)\n    *   RSI14: 60.14 (Approaching overbought but still in bullish territory)\n    *   1m Return: 6.88% (Strong short-term momentum)\n    *   3m Return: 2.39% (Moderate)\n    *   Trailing P/E: 30.46\n    *   Forward P/E: 25.79 (Attractive forward valuation relative to trailing)\n    *   ROE: 24.3% (Strong profitability)\n    *   Profit Margin: 12.2%\n    *   Revenue Growth: 16.6% (Solid growth)\n    *   Debt/Equity: 53.30 (Manageable)\n    *   Headlines:\n        *   Concerns about hyperscaler earnings (Microsoft, Amazon).\n        *   Positive: AI chip demand booming (Amazon).\n        *   Leadership change in AWS (Dave Treadwell taking over).\n        *   General market sentiment: Big Tech gains.\n\n    *   *Bullish Factors:* Price is above both SMA50 and SMA200, indicating a strong uptrend. Forward P/E (25.79) is lower than trailing P/E, suggesting expected earnings growth. Strong ROE (24.3%) and solid revenue growth (16.6%). Positive news regarding AI chip demand.\n    *   *Bearish/Neutral Factors:* RSI is getting high (60.14). Concerns about hyperscaler earnings. Leadership change in AWS (could be neutral or slightly risky depending on execution).\n\n    *   The stock shows strong technical momentum and solid fundamentals.\n    *   The forward P/E suggests the market expects growth that justifies the current price.\n    *   AI demand is a major tailwind for AWS.\n    *   Decision: BUY.\n\n    *   Confidence: 0.85 (Strong trend and fundamentals, though RSI is slightly elevated).\n    *   Reasoning: Price is trending above both SMA50 and SMA200 with strong 1-month momentum, supported by a healthy 16.6% revenue growth rate. The forward P/E of 25.79 indicates attractive valuation relative to earnings growth, while booming AI chip demand provides a significant tailwind for AWS.", "finish_reason": "stop"}',68239,NULL,'2026-07-16T00:51:02+00:00');
INSERT INTO decisions VALUES(17,2,'rules','TSLA','SELL',394.4599999999999796,'technical: downtrend (SMA50 410.0 <= SMA200 417.61) -> SELL | fundamental: P/E 355.4 or ROE 5% outside limits -> SELL | sentiment: neutral score +1 across 8 headlines -> HOLD | vote {''SELL'': 2, ''HOLD'': 1} => SELL','{"ticker": "TSLA", "asof_utc": "2026-07-15T20:16:40+00:00", "price": 394.46, "sma_short": 410.0, "sma_long": 417.61, "rsi": 47.14, "ret_1m_pct": -2.95, "ret_3m_pct": 8.31, "trailing_pe": 355.36935, "forward_pe": 154.44188, "roe": 0.04901, "profit_margin": 0.03946, "revenue_growth": 0.158, "debt_to_equity": 18.738, "headlines": ["YieldMax launches a new SpaceX options ETF: What investors should know", "PayPal co-founder and Affirm CEO details his ''very high bar'' for M&A", "Gavin Newsom Unveils $3,500 California EV Rebate, Says State Is Filling ''Void Left by Trump'' (UPDATED)", "Tesla, Paper Transport partner on electric semi evaluation in Chicago", "Tesla Stock And The Growth Question Mark", "TSLA Q2 Earnings Beat Likely: Why the Stock Still Isn''t a Buy", "Wells Fargo Raised Its Tesla Stock Target, but Still Sees a 67% Drop", "Tesla Stock Is in the Calm Before the Storm"]}',NULL,NULL,NULL,'2026-07-16T00:51:02+00:00');
INSERT INTO decisions VALUES(18,2,'llm','TSLA','HOLD',394.4599999999999796,'[conf 0.85] Despite positive revenue growth and new EV rebates, the stock''s valuation remains extremely stretched with a forward P/E of 154.44 and low profit margins of 3.9%. Technical indicators show the price is currently trading below both the 50-day and 200-day SMAs, while headlines express significant skepticism regarding the company''s growth trajectory.','{"ticker": "TSLA", "asof_utc": "2026-07-15T20:16:40+00:00", "price": 394.46, "sma_short": 410.0, "sma_long": 417.61, "rsi": 47.14, "ret_1m_pct": -2.95, "ret_3m_pct": 8.31, "trailing_pe": 355.36935, "forward_pe": 154.44188, "roe": 0.04901, "profit_margin": 0.03946, "revenue_growth": 0.158, "debt_to_equity": 18.738, "headlines": ["YieldMax launches a new SpaceX options ETF: What investors should know", "PayPal co-founder and Affirm CEO details his ''very high bar'' for M&A", "Gavin Newsom Unveils $3,500 California EV Rebate, Says State Is Filling ''Void Left by Trump'' (UPDATED)", "Tesla, Paper Transport partner on electric semi evaluation in Chicago", "Tesla Stock And The Growth Question Mark", "TSLA Q2 Earnings Beat Likely: Why the Stock Still Isn''t a Buy", "Wells Fargo Raised Its Tesla Stock Target, but Still Sees a 67% Drop", "Tesla Stock Is in the Calm Before the Storm"]}','{"content": "{\"signal\": \"HOLD\", \"confidence\": 0.85, \"reasoning\": \"Despite positive revenue growth and new EV rebates, the stock''s valuation remains extremely stretched with a forward P/E of 154.44 and low profit margins of 3.9%. Technical indicators show the price is currently trading below both the 50-day and 200-day SMAs, while headlines express significant skepticism regarding the company''s growth trajectory.\"}", "reasoning_content": "*   Ticker: TSLA\n    *   Current Position: None\n    *   Horizon: 6-12 months\n    *   Price: $394.46\n    *   SMA50: $410.00 (Price is below SMA50)\n    *   SMA200: $417.61 (Price is below SMA200)\n    *   RSI14: 47.14 (Neutral)\n    *   1m Return: -2.95%\n    *   3m Return: 8.31%\n    *   Trailing P/E: 355.37 (Very high)\n    *   Forward P/E: 154.44 (Still very high)\n    *   ROE: 4.9% (Low)\n    *   Profit Margin: 3.9% (Low)\n    *   Revenue Growth: 15.8% (Moderate)\n    *   Debt/Equity: 18.74 (High)\n    *   Headlines:\n        *   EV Rebate in CA (Positive for demand)\n        *   Paper Transport partnership (Positive for logistics/semi)\n        *   \"Growth Question Mark\" (Negative/Uncertainty)\n        *   \"Q2 Earnings Beat Likely: Why the Stock Still Isn''t a Buy\" (Bearish/Cautionary)\n        *   \"Wells Fargo... Still Sees a 67% Drop\" (Bearish)\n        *   \"Calm Before the Storm\" (Bearish/Uncertainty)\n\n    *   *Bull Case:* Revenue growth is positive, new EV rebates in CA, expansion into semi-trucks.\n    *   *Bear Case:* Extremely high valuation (Forward P/E 154), low ROE and profit margins, price trading below both 50 and 200-day SMAs, and several headlines expressing skepticism about growth and price targets.\n    *   *Technical:* Price is in a downtrend (below SMAs), but RSI is neutral, suggesting it''s not yet oversold.\n\n    *   The valuation is extremely stretched for a company with low profit margins and ROE.\n    *   The technicals show a downward trend.\n    *   The headlines are mixed but lean towards caution (\"Still isn''t a buy\", \"67% drop\").\n    *   For a 6-12 month horizon, the risk of a correction or continued stagnation given the high P/E and low margins is significant.\n\n    *   Action: HOLD (or SELL if I had a position, but I don''t). Since I don''t have a position, \"HOLD\" means \"Do nothing/Wait\".\n    *   Wait, the prompt says \"BUY - open a position (only if you do not already hold one)\".\n    *   Should I BUY? The valuation is too high and the trend is down.\n    *   Should I HOLD? Yes, wait for a better entry point or clearer growth signals.\n\n    *   Signal: HOLD\n    *   Confidence: 0.85\n    *   Reasoning: While revenue growth is positive, the extremely high forward P/E of 154.44 and low profit margins (3.9%) suggest the stock is overvalued. Technical indicators show the price is trading below both the 50-day and 200-day SMAs, and headlines remain skeptical about the growth trajectory.\n\n    *   JSON only? Yes.\n    *   One action? Yes.\n    *   6-12 month horizon? Yes.", "finish_reason": "stop"}',78360,NULL,'2026-07-16T00:52:20+00:00');
INSERT INTO decisions VALUES(19,2,'rules','WMT','HOLD',112.5300000000000011,'technical: uptrend (SMA50 120.26 > SMA200 117.08), RSI 41.39 ok -> BUY | fundamental: P/E 39.6, ROE 24% in neutral zone -> HOLD | sentiment: no headlines available -> HOLD | vote {''BUY'': 1, ''HOLD'': 2} => HOLD','{"ticker": "WMT", "asof_utc": "2026-07-15T20:16:41+00:00", "price": 112.53, "sma_short": 120.26, "sma_long": 117.08, "rsi": 41.39, "ret_1m_pct": -7.03, "ret_3m_pct": -9.84, "trailing_pe": 39.62324, "forward_pe": 34.24768, "roe": 0.24132, "profit_margin": 0.03135, "revenue_growth": 0.073, "debt_to_equity": 74.816, "headlines": []}',NULL,NULL,NULL,'2026-07-16T00:52:20+00:00');
INSERT INTO decisions VALUES(20,2,'llm','WMT','BUY',112.5300000000000011,'[conf 0.75] Walmart demonstrates strong fundamental health with a 24.1% ROE and consistent revenue growth, making it a high-quality core retail holding. The current price is trading below both the SMA50 and SMA200, suggesting a technical pullback that offers a favorable entry point for a 6-12 month horizon.','{"ticker": "WMT", "asof_utc": "2026-07-15T20:16:41+00:00", "price": 112.53, "sma_short": 120.26, "sma_long": 117.08, "rsi": 41.39, "ret_1m_pct": -7.03, "ret_3m_pct": -9.84, "trailing_pe": 39.62324, "forward_pe": 34.24768, "roe": 0.24132, "profit_margin": 0.03135, "revenue_growth": 0.073, "debt_to_equity": 74.816, "headlines": []}','{"content": "{\n  \"signal\": \"BUY\",\n  \"confidence\": 0.75,\n  \"reasoning\": \"Walmart demonstrates strong fundamental health with a 24.1% ROE and consistent revenue growth, making it a high-quality core retail holding. The current price is trading below both the SMA50 and SMA200, suggesting a technical pullback that offers a favorable entry point for a 6-12 month horizon.\"\n}", "reasoning_content": "*   Ticker: WMT (Walmart)\n    *   Current Position: None\n    *   Price: $112.53\n    *   SMA50: $120.26 (Price is below SMA50)\n    *   SMA200: $117.08 (Price is below SMA200)\n    *   RSI14: 41.39 (Neutral/slightly bearish)\n    *   1m Return: -7.03%\n    *   3m Return: -9.84%\n    *   Trailing P/E: 39.62 (High for retail, but maybe reflecting growth/defensive status)\n    *   Forward P/E: 34.25\n    *   ROE: 24.1% (Strong)\n    *   Profit Margin: 3.1% (Typical for retail)\n    *   Revenue Growth: 7.3%\n    *   Debt/Equity: 74.82 (Manageable)\n    *   Horizon: 6-12 months.\n\n    *   *Bull Case:* Strong ROE (24.1%), decent revenue growth (7.3%), and a major retail leader. The price is currently below both the 50-day and 200-day moving averages, suggesting a potential \"oversold\" or \"dip\" entry point for a long-term holder.\n    *   *Bear Case:* The stock is in a clear downtrend (below SMA50 and SMA200). The P/E ratio (34.25 forward) is relatively high compared to historical retail averages, though it might be justified by its market dominance.\n    *   *Synthesis:* The stock is currently experiencing a pullback. For a 6-12 month horizon, buying a high-quality retail leader like Walmart during a technical dip (below SMA200) with a strong ROE is a classic \"buy the dip\" strategy.\n\n    *   Signal: BUY\n    *   Confidence: 0.75 (High quality company, but technical trend is currently negative).\n    *   Reasoning: Walmart shows strong fundamentals with a 24.1% ROE and steady revenue growth, making it a high-quality core holding. The current price is trading below both the SMA50 and SMA200, providing a favorable entry point during a technical pullback.\n\n    *   JSON format? Yes.\n    *   Only JSON? Yes.\n    *   Signal: BUY.\n    *   Confidence: 0.75.\n    *   Reasoning: 2-4 sentences.", "finish_reason": "stop"}',59293,NULL,'2026-07-16T00:53:20+00:00');
INSERT INTO decisions VALUES(21,2,'rules','HD','HOLD',341.4399999999999978,'technical: downtrend (SMA50 323.84 <= SMA200 348.27) -> SELL | fundamental: P/E 24.2 < 30, ROE 128% > 15% -> BUY | sentiment: neutral score +0 across 8 headlines -> HOLD | vote {''SELL'': 1, ''BUY'': 1, ''HOLD'': 1} => HOLD','{"ticker": "HD", "asof_utc": "2026-07-15T20:16:43+00:00", "price": 341.44, "sma_short": 323.84, "sma_long": 348.27, "rsi": 54.03, "ret_1m_pct": 3.97, "ret_3m_pct": 0.38, "trailing_pe": 24.25, "forward_pe": 21.217667, "roe": 1.2838, "profit_margin": 0.08411, "revenue_growth": 0.048, "debt_to_equity": 459.356, "headlines": ["LOW Paid Holders $47 Bil While The Stock Went Nowhere", "How Lowe''s Stock Is Compounding Value Without The Sales Boom", "Home Furnishing and Improvement Retail Stocks Q1 Recap: Benchmarking Home Depot (NYSE:HD)", "The Home Depot, Inc. (HD) is Attracting Investor Attention: Here is What You Should Know", "Should You Buy The Home Depot, Inc. (HD)\u2019s Shares?", "Home Depot vs. Lowe''s: A Look at Recent Revenue Trends for These Home Improvement Giants", "Is Home Depot (HD) Cheap Following Its Military Exchange Expansion?", "Home Depot (HD) Stock Looks Fairly Valued After Its 21% Five Year Run"]}',NULL,NULL,NULL,'2026-07-16T00:53:20+00:00');
INSERT INTO decisions VALUES(22,2,'llm','HD','BUY',341.4399999999999978,'[conf 0.75] Home Depot exhibits exceptional fundamental strength with a 128.4% ROE and a healthy forward P/E of 21.22. While the price is currently hovering just below the SMA200, the positive 1-month momentum and headlines regarding value compounding suggest a solid entry point for a 6-12 month horizon. The stock appears fairly valued but well-positioned for steady growth.','{"ticker": "HD", "asof_utc": "2026-07-15T20:16:43+00:00", "price": 341.44, "sma_short": 323.84, "sma_long": 348.27, "rsi": 54.03, "ret_1m_pct": 3.97, "ret_3m_pct": 0.38, "trailing_pe": 24.25, "forward_pe": 21.217667, "roe": 1.2838, "profit_margin": 0.08411, "revenue_growth": 0.048, "debt_to_equity": 459.356, "headlines": ["LOW Paid Holders $47 Bil While The Stock Went Nowhere", "How Lowe''s Stock Is Compounding Value Without The Sales Boom", "Home Furnishing and Improvement Retail Stocks Q1 Recap: Benchmarking Home Depot (NYSE:HD)", "The Home Depot, Inc. (HD) is Attracting Investor Attention: Here is What You Should Know", "Should You Buy The Home Depot, Inc. (HD)\u2019s Shares?", "Home Depot vs. Lowe''s: A Look at Recent Revenue Trends for These Home Improvement Giants", "Is Home Depot (HD) Cheap Following Its Military Exchange Expansion?", "Home Depot (HD) Stock Looks Fairly Valued After Its 21% Five Year Run"]}','{"content": "{\"signal\": \"BUY\", \"confidence\": 0.75, \"reasoning\": \"Home Depot exhibits exceptional fundamental strength with a 128.4% ROE and a healthy forward P/E of 21.22. While the price is currently hovering just below the SMA200, the positive 1-month momentum and headlines regarding value compounding suggest a solid entry point for a 6-12 month horizon. The stock appears fairly valued but well-positioned for steady growth.\"}", "reasoning_content": "*   Ticker: HD (Home Depot)\n    *   Current Position: None\n    *   Horizon: 6-12 months\n    *   Price: $341.44\n    *   SMA50: $323.84 (Price is above SMA50)\n    *   SMA200: $348.27 (Price is slightly below SMA200)\n    *   RSI14: 54.03 (Neutral)\n    *   Returns: 1m (+3.97%), 3m (+0.38%) - Modest recent growth.\n    *   P/E: Trailing 24.25, Forward 21.22 (Reasonable valuation for a retail giant).\n    *   ROE: 128.4% (Very high, indicates efficient capital usage).\n    *   Profit Margin: 8.4% (Healthy for retail).\n    *   Revenue Growth: 4.8% (Steady).\n    *   Debt/Equity: 459.36 (High, but common for large retail with significant assets).\n    *   Headlines: Mixed/Neutral. Mentions \"compounding value,\" \"fairly valued,\" \"attracting attention,\" and \"military exchange expansion.\"\n\n    *   *Bullish:* High ROE (128.4%), positive 1m return, forward P/E contraction (21.22), and headlines suggesting value compounding and expansion.\n    *   *Bearish/Neutral:* Price is slightly below the 200-day SMA ($348.27), high debt/equity, and headlines suggesting it''s \"fairly valued.\"\n    *   *Synthesis:* The stock is in a consolidation phase near its 200-day SMA. The high ROE and forward P/E suggest a solid underlying business. The 6-12 month horizon allows for the \"compounding value\" mentioned in headlines to play out.\n\n    *   Action: BUY.\n    *   Confidence: 0.75 (Reasonable, but not a slam dunk due to the proximity to the 200-day SMA and \"fairly valued\" sentiment).\n    *   Reasoning: High ROE of 128.4% and a contracting forward P/E of 21.22 indicate strong fundamental health and reasonable valuation. While the price is slightly below the SMA200, the positive 1-month momentum and headlines regarding value compounding support a long-term entry.\n\n    *   JSON format? Yes.\n    *   Only JSON? Yes.\n    *   Signal? BUY.\n    *   Confidence? 0.75.\n    *   Reasoning? 2-4 sentences.", "finish_reason": "stop"}',67735,NULL,'2026-07-16T00:54:27+00:00');
INSERT INTO decisions VALUES(23,2,'rules','MCD','HOLD',264.9499999999999887,'technical: downtrend (SMA50 276.82 <= SMA200 299.29) -> SELL | fundamental: P/E or ROE unavailable -> HOLD | sentiment: neutral score +0 across 8 headlines -> HOLD | vote {''SELL'': 1, ''HOLD'': 2} => HOLD','{"ticker": "MCD", "asof_utc": "2026-07-15T20:16:44+00:00", "price": 264.95, "sma_short": 276.82, "sma_long": 299.29, "rsi": 37.81, "ret_1m_pct": -6.97, "ret_3m_pct": -12.03, "trailing_pe": 21.84254, "forward_pe": 18.70182, "roe": null, "profit_margin": 0.31618, "revenue_growth": 0.094, "debt_to_equity": null, "headlines": ["Restaurants, Food Distributors Poised for Mixed Second Quarter, Morgan Stanley Says", "McDonald''s builds its new menu around a flavor it never sold", "Restaurant Sector Remains Mixed as Stronger Operators Outperform, Morgan Stanley Says", "MCD at $268, Starbucks at $106: Buy, Sell or Hold?", "Is McDonald\u2019s (MCD) the Worst Blue Chip Stock to Buy Now?", "McDonald''s (MCD) Stock Enters Bear Market As McDonald''s NEXT Plan Begins", "Wall Street Is Sleeping on These 5 Quality Dividend Stocks: Grab Them Now Before It\u2019s Too Late", "McDonald''s Falls Into Bear Market, Heads For Fifth Straight Monthly Loss Amid Turnaround Concerns"]}',NULL,NULL,NULL,'2026-07-16T00:54:28+00:00');
INSERT INTO decisions VALUES(24,2,'llm','MCD','BUY',264.9499999999999887,'[conf 0.65] MCD is trading at a significant discount to its SMA200 ($299.29) and shows a healthy forward P/E of 18.70 with strong profit margins of 31.6%. Despite the bearish short-term trend and ''turnaround concerns'' in headlines, the 6-12 month horizon favors a value entry on a high-quality dividend stock currently experiencing a price correction.','{"ticker": "MCD", "asof_utc": "2026-07-15T20:16:44+00:00", "price": 264.95, "sma_short": 276.82, "sma_long": 299.29, "rsi": 37.81, "ret_1m_pct": -6.97, "ret_3m_pct": -12.03, "trailing_pe": 21.84254, "forward_pe": 18.70182, "roe": null, "profit_margin": 0.31618, "revenue_growth": 0.094, "debt_to_equity": null, "headlines": ["Restaurants, Food Distributors Poised for Mixed Second Quarter, Morgan Stanley Says", "McDonald''s builds its new menu around a flavor it never sold", "Restaurant Sector Remains Mixed as Stronger Operators Outperform, Morgan Stanley Says", "MCD at $268, Starbucks at $106: Buy, Sell or Hold?", "Is McDonald\u2019s (MCD) the Worst Blue Chip Stock to Buy Now?", "McDonald''s (MCD) Stock Enters Bear Market As McDonald''s NEXT Plan Begins", "Wall Street Is Sleeping on These 5 Quality Dividend Stocks: Grab Them Now Before It\u2019s Too Late", "McDonald''s Falls Into Bear Market, Heads For Fifth Straight Monthly Loss Amid Turnaround Concerns"]}','{"content": "{\"signal\": \"BUY\", \"confidence\": 0.65, \"reasoning\": \"MCD is trading at a significant discount to its SMA200 ($299.29) and shows a healthy forward P/E of 18.70 with strong profit margins of 31.6%. Despite the bearish short-term trend and ''turnaround concerns'' in headlines, the 6-12 month horizon favors a value entry on a high-quality dividend stock currently experiencing a price correction.\"}", "reasoning_content": "*   Ticker: MCD (McDonald''s)\n    *   Current Position: None\n    *   Horizon: 6-12 months\n    *   Price: $264.95\n    *   SMA50: $276.82 (Price is below SMA50)\n    *   SMA200: $299.29 (Price is significantly below SMA200)\n    *   RSI14: 37.81 (Approaching oversold territory, but not quite there)\n    *   Returns: -6.97% (1m), -12.03% (3m) - Strong downward trend.\n    *   P/E: Trailing 21.84, Forward 18.70 (Reasonable valuation for a blue chip).\n    *   Profit Margin: 31.6% (Strong).\n    *   Revenue Growth: 9.4% (Solid).\n    *   Headlines: Mixed/Bearish. \"Worst Blue Chip Stock to Buy Now?\", \"Bear Market\", \"Turnaround Concerns\", \"Mixed Second Quarter\". However, there''s also \"Quality Dividend Stocks: Grab Them Now\".\n\n    *   *Bull Case:* Valuation is attractive (Forward P/E 18.70), high profit margins, solid revenue growth, and it''s a \"Quality Dividend Stock\". The price is currently depressed (below both SMAs), potentially offering a value entry point.\n    *   *Bear Case:* Strong downward trend (3-month loss of 12%), \"Bear Market\" status, \"Turnaround Concerns\", and mixed sentiment from analysts regarding the restaurant sector.\n\n    *   The stock is in a clear downtrend (below SMA50 and SMA200).\n    *   The RSI is low (37.81), suggesting it might be nearing a bottom or is in a sustained sell-off.\n    *   The forward P/E of 18.70 is relatively low for a high-quality brand like McDonald''s, suggesting a potential value play.\n    *   However, the \"Turnaround Concerns\" and \"Bear Market\" headlines suggest that the fundamental thesis might be under pressure.\n    *   Given the 6-12 month horizon, a \"BUY\" might be premature while the trend is so strongly negative, but \"HOLD\" is the default for \"none\".\n    *   Wait, the prompt asks for a decision. Is it a \"BUY\" now? The price is significantly below the 200-day SMA.\n    *   Let''s look at the headlines again. \"Worst Blue Chip Stock to Buy Now?\" vs \"Quality Dividend Stocks: Grab Them Now\".\n    *   The price is $264.95. SMA200 is $299.29. That''s a ~11% discount from the long-term average.\n    *   The profit margin is very healthy (31.6%).\n    *   The trend is bearish, but the valuation is decent.\n    *   Decision: BUY. The valuation (Forward P/E 18.70) and high profit margins suggest a quality asset at a discount, despite the short-term bearish trend. The 6-12 month horizon allows for a recovery from the current \"Bear Market\" sentiment.\n\n    *   Signal: BUY\n    *   Confidence: 0.65 (Moderate, due to the strong downward trend and mixed headlines).\n    *   Reasoning: MCD is trading at a discount to its SMA200 and shows a healthy forward P/E of 18.70 with strong profit margins of 31.6%. While the short-term trend is bearish, the 6-12 month horizon favors a value entry on a high-quality dividend stock facing temporary turnaround concerns.", "finish_reason": "stop"}',90321,NULL,'2026-07-16T00:55:58+00:00');
INSERT INTO decisions VALUES(25,2,'rules','KO','BUY',82.45000000000000284,'technical: uptrend (SMA50 80.57 > SMA200 74.18), RSI 52.79 ok -> BUY | fundamental: P/E 25.9 < 30, ROE 43% > 15% -> BUY | sentiment: neutral score +1 across 8 headlines -> HOLD | vote {''BUY'': 2, ''HOLD'': 1} => BUY','{"ticker": "KO", "asof_utc": "2026-07-15T20:16:45+00:00", "price": 82.45, "sma_short": 80.57, "sma_long": 74.18, "rsi": 52.79, "ret_1m_pct": 0.44, "ret_3m_pct": 9.33, "trailing_pe": 25.927671, "forward_pe": 23.686674, "roe": 0.43372002, "profit_margin": 0.278, "revenue_growth": 0.121, "debt_to_equity": 124.943, "headlines": ["Is The Coca-Cola Company (KO) A Good Stock To Buy Now?", "Warren Buffett\u2019s 3 Favorite Stocks: Buy, Sell or Hold?", "Is Most-Watched Stock CocaCola Company (The) (KO) Worth Betting on Now?", "Coca-Cola (KO) Unveils a World Cup Strategy That Goes Beyond the Beverage", "Here''s What I Think Is Going On With Coca-Cola Stock", "3 Rock-Solid Dividend Stocks to Buy and Hold for Decades", "Coca-Cola (KO) Advances 75% Africa Bottler Deal After South African Approval Backing", "Where Analysts Pushed Back On PEP Stock''s Latest Earnings Call"]}',NULL,NULL,NULL,'2026-07-16T00:55:58+00:00');
INSERT INTO decisions VALUES(26,2,'llm','KO','BUY',82.45000000000000284,'[conf 0.88] KO exhibits strong fundamental health with a high ROE of 43.4% and solid double-digit revenue growth. The stock is trading above both its 50-day and 200-day SMAs with positive 3-month momentum, while the forward P/E of 23.69 remains attractive for a blue-chip staple. Positive sentiment regarding its dividend reliability and international expansion further supports a bullish 6-12 month outlook.','{"ticker": "KO", "asof_utc": "2026-07-15T20:16:45+00:00", "price": 82.45, "sma_short": 80.57, "sma_long": 74.18, "rsi": 52.79, "ret_1m_pct": 0.44, "ret_3m_pct": 9.33, "trailing_pe": 25.927671, "forward_pe": 23.686674, "roe": 0.43372002, "profit_margin": 0.278, "revenue_growth": 0.121, "debt_to_equity": 124.943, "headlines": ["Is The Coca-Cola Company (KO) A Good Stock To Buy Now?", "Warren Buffett\u2019s 3 Favorite Stocks: Buy, Sell or Hold?", "Is Most-Watched Stock CocaCola Company (The) (KO) Worth Betting on Now?", "Coca-Cola (KO) Unveils a World Cup Strategy That Goes Beyond the Beverage", "Here''s What I Think Is Going On With Coca-Cola Stock", "3 Rock-Solid Dividend Stocks to Buy and Hold for Decades", "Coca-Cola (KO) Advances 75% Africa Bottler Deal After South African Approval Backing", "Where Analysts Pushed Back On PEP Stock''s Latest Earnings Call"]}','{"content": "{\"signal\": \"BUY\", \"confidence\": 0.88, \"reasoning\": \"KO exhibits strong fundamental health with a high ROE of 43.4% and solid double-digit revenue growth. The stock is trading above both its 50-day and 200-day SMAs with positive 3-month momentum, while the forward P/E of 23.69 remains attractive for a blue-chip staple. Positive sentiment regarding its dividend reliability and international expansion further supports a bullish 6-12 month outlook.\"}", "reasoning_content": "*   Ticker: KO (Coca-Cola)\n    *   Current Position: None\n    *   Horizon: 6-12 months\n    *   Price: $82.45\n    *   SMA50: $80.57 (Price > SMA50)\n    *   SMA200: $74.18 (Price > SMA200)\n    *   RSI14: 52.79 (Neutral)\n    *   Return 1m: 0.44%\n    *   Return 3m: 9.33% (Positive momentum)\n    *   Trailing P/E: 25.93\n    *   Forward P/E: 23.69 (Attractive/Reasonable)\n    *   ROE: 43.4% (Very high)\n    *   Profit Margin: 27.8% (Strong)\n    *   Revenue Growth: 12.1% (Solid)\n    *   Debt/Equity: 124.94 (Manageable for a consumer staple)\n    *   Headlines: Positive sentiment (Buffett favorite, dividend stock, expansion in Africa, World Cup strategy).\n\n    *   *Bullish:* Strong fundamentals (high ROE, good margins, double-digit revenue growth), positive price action (above both SMAs), and positive sentiment regarding dividends and expansion.\n    *   *Bearish:* P/E is slightly elevated but standard for a blue-chip staple. Debt/Equity is high but typical for the industry.\n    *   *Conclusion:* KO is a classic \"buy and hold\" defensive stock with strong growth indicators and positive momentum.\n\n    *   Signal: BUY\n    *   Confidence: 0.85 (High confidence due to strong fundamentals and positive trend).\n    *   Reasoning: KO shows strong fundamental health with a 43.4% ROE and 12.1% revenue growth, supported by a reasonable forward P/E of 23.69. The price is trending above both the 50-day and 200-day SMAs, and positive headlines regarding dividend stability and international expansion support a long-term bullish outlook.", "finish_reason": "stop"}',62299,NULL,'2026-07-16T00:57:00+00:00');
INSERT INTO decisions VALUES(27,2,'rules','PG','BUY',148.0300000000000011,'technical: downtrend (SMA50 146.37 <= SMA200 146.95) -> SELL | fundamental: P/E 21.6 < 30, ROE 31% > 15% -> BUY | sentiment: net score +5 across 8 headlines -> BUY | vote {''SELL'': 1, ''BUY'': 2} => BUY','{"ticker": "PG", "asof_utc": "2026-07-15T20:16:46+00:00", "price": 148.03, "sma_short": 146.37, "sma_long": 146.95, "rsi": 50.14, "ret_1m_pct": -1.06, "ret_3m_pct": 3.3, "trailing_pe": 21.641811, "forward_pe": 20.973572, "roe": 0.31112, "profit_margin": 0.19162, "revenue_growth": 0.074, "debt_to_equity": 67.651, "headlines": ["What You Need To Know Ahead of Procter & Gamble''s Earnings Release", "Procter & Gamble Just Declared Its 70th Dividend Increase. Here''s How Much $10,000 Invested Pays Annually.", "Is CLX A Value Trap? The Evidence Leans That Way", "Investors Heavily Search Procter & Gamble Company (The) (PG): Here is What You Need to Know", "This Portfolio Lets You Earn More Than a Lawyer\u2026 Without Going to Law School", "The Dividend Growth Roadmap That Turns $60,000 a Year Into More Than $125,000", "The Dividend Growth Approach That Builds Bigger Paychecks Every Single Year", "Procter & Gamble (PG) Is A Year Into Cutting 7,000 Jobs To Address Costs"]}',NULL,NULL,NULL,'2026-07-16T00:57:00+00:00');
INSERT INTO decisions VALUES(28,2,'llm','PG','BUY',148.0300000000000011,'[conf 0.88] PG exhibits strong fundamental health with a 31.1% ROE and a healthy forward P/E of 20.97, characteristic of a high-quality consumer staple. The stock is trading above both its 50-day and 200-day SMAs, indicating a stable upward trend despite minor 1-month volatility. Its consistent dividend growth and cost-cutting measures to improve margins provide a solid foundation for a 6-12 month horizon.','{"ticker": "PG", "asof_utc": "2026-07-15T20:16:46+00:00", "price": 148.03, "sma_short": 146.37, "sma_long": 146.95, "rsi": 50.14, "ret_1m_pct": -1.06, "ret_3m_pct": 3.3, "trailing_pe": 21.641811, "forward_pe": 20.973572, "roe": 0.31112, "profit_margin": 0.19162, "revenue_growth": 0.074, "debt_to_equity": 67.651, "headlines": ["What You Need To Know Ahead of Procter & Gamble''s Earnings Release", "Procter & Gamble Just Declared Its 70th Dividend Increase. Here''s How Much $10,000 Invested Pays Annually.", "Is CLX A Value Trap? The Evidence Leans That Way", "Investors Heavily Search Procter & Gamble Company (The) (PG): Here is What You Need to Know", "This Portfolio Lets You Earn More Than a Lawyer\u2026 Without Going to Law School", "The Dividend Growth Roadmap That Turns $60,000 a Year Into More Than $125,000", "The Dividend Growth Approach That Builds Bigger Paychecks Every Single Year", "Procter & Gamble (PG) Is A Year Into Cutting 7,000 Jobs To Address Costs"]}','{"content": "{\"signal\": \"BUY\", \"confidence\": 0.88, \"reasoning\": \"PG exhibits strong fundamental health with a 31.1% ROE and a healthy forward P/E of 20.97, characteristic of a high-quality consumer staple. The stock is trading above both its 50-day and 200-day SMAs, indicating a stable upward trend despite minor 1-month volatility. Its consistent dividend growth and cost-cutting measures to improve margins provide a solid foundation for a 6-12 month horizon.\"}", "reasoning_content": "*   Ticker: PG (Procter & Gamble)\n    *   Current Position: None\n    *   Horizon: 6-12 months\n    *   Price: $148.03\n    *   SMA50: $146.37 (Price > SMA50)\n    *   SMA200: $146.95 (Price > SMA200)\n    *   RSI14: 50.14 (Neutral)\n    *   Return 1m: -1.06%\n    *   Return 3m: 3.30%\n    *   P/E (Trailing/Forward): 21.64 / 20.97 (Reasonable for a consumer staple)\n    *   ROE: 31.1% (Strong)\n    *   Profit Margin: 19.2% (Healthy)\n    *   Revenue Growth: 7.4% (Steady)\n    *   Debt/Equity: 67.65 (Manageable)\n    *   Headlines: Dividend increase (70th), job cuts to address costs (efficiency), general investor interest.\n\n    *   *Bullish:* Strong ROE (31.1%), healthy profit margins, consistent dividend growth (70th increase), price is above both 50 and 200-day SMAs, and revenue growth is positive.\n    *   *Bearish/Neutral:* Recent 1-month return is slightly negative, but 3-month is positive. RSI is neutral. Job cuts suggest cost-cutting measures which can be a double-edged sword (efficiency vs. morale/brand).\n    *   *Valuation:* Forward P/E of 20.97 is standard for a high-quality consumer staple like PG.\n\n    *   PG is a classic \"Dividend Aristocrat\" style stock.\n    *   The price is currently trading slightly above its long-term moving averages, indicating a stable upward trend.\n    *   The fundamentals (ROE, margins) are robust.\n    *   The 6-12 month horizon favors a stable, dividend-paying giant like PG.\n\n    *   Signal: BUY\n    *   Confidence: 0.85 (High confidence due to strong fundamentals and stable trend).\n    *   Reasoning: PG shows strong fundamental health with a 31.1% ROE and consistent dividend growth, supported by a healthy forward P/E of 20.97. The price is trending above both the 50-day and 200-day SMAs, indicating positive momentum despite minor short-term volatility.\n\n    *   JSON format? Yes.\n    *   Only JSON? Yes.\n    *   One action? Yes.\n    *   Reasoning 2-4 sentences? Yes.", "finish_reason": "stop"}',72830,NULL,'2026-07-16T00:58:13+00:00');
INSERT INTO decisions VALUES(29,2,'rules','DIS','HOLD',97.1700000000000017,'technical: downtrend (SMA50 100.48 <= SMA200 104.67) -> SELL | fundamental: P/E 15.5, ROE 11% in neutral zone -> HOLD | sentiment: neutral score +0 across 8 headlines -> HOLD | vote {''SELL'': 1, ''HOLD'': 2} => HOLD','{"ticker": "DIS", "asof_utc": "2026-07-15T20:16:47+00:00", "price": 97.17, "sma_short": 100.48, "sma_long": 104.67, "rsi": 46.03, "ret_1m_pct": -2.12, "ret_3m_pct": -4.56, "trailing_pe": 15.547199, "forward_pe": 12.998426, "roe": 0.1101, "profit_margin": 0.1154, "revenue_growth": 0.065, "debt_to_equity": 41.069, "headlines": ["Why Netflix is a lot less ''compelling'' than these 2 media stocks", "Netflix is quietly testing free trials again \u2014 6 years after killing them off", "Why Christopher Nolan\u2019s \u2018The Odyssey\u2019 Is the Movie Event of the Year. 5 Things to Know.", "Prediction: Netflix Could Hit a New High With 268% Upside. Tomorrow\u2019s Earnings Could Spark The Rally", "Here\u2019s Why Disney (DIS) is Among the 8 Worst Blue Chip Stocks to Buy Now", "Inflation Declines in June as Oil Prices Ease: 5 Discretionary Picks", "Why Is Walt Disney Stock Cheaper Than the S&P 500? This Is the Only Explanation.", "How Wide Is The Field Of Play For Netflix Stock?"]}',NULL,NULL,NULL,'2026-07-16T00:58:13+00:00');
INSERT INTO decisions VALUES(30,2,'llm','DIS','HOLD',97.1700000000000017,'LLM unavailable — defaulting to HOLD (no directional bias)','{"ticker": "DIS", "asof_utc": "2026-07-15T20:16:47+00:00", "price": 97.17, "sma_short": 100.48, "sma_long": 104.67, "rsi": 46.03, "ret_1m_pct": -2.12, "ret_3m_pct": -4.56, "trailing_pe": 15.547199, "forward_pe": 12.998426, "roe": 0.1101, "profit_margin": 0.1154, "revenue_growth": 0.065, "debt_to_equity": 41.069, "headlines": ["Why Netflix is a lot less ''compelling'' than these 2 media stocks", "Netflix is quietly testing free trials again \u2014 6 years after killing them off", "Why Christopher Nolan\u2019s \u2018The Odyssey\u2019 Is the Movie Event of the Year. 5 Things to Know.", "Prediction: Netflix Could Hit a New High With 268% Upside. Tomorrow\u2019s Earnings Could Spark The Rally", "Here\u2019s Why Disney (DIS) is Among the 8 Worst Blue Chip Stocks to Buy Now", "Inflation Declines in June as Oil Prices Ease: 5 Discretionary Picks", "Why Is Walt Disney Stock Cheaper Than the S&P 500? This Is the Only Explanation.", "How Wide Is The Field Of Play For Netflix Stock?"]}',NULL,NULL,'empty/unparseable content (attempt 3, finish_reason=length)','2026-07-16T01:05:47+00:00');
INSERT INTO decisions VALUES(31,2,'rules','JPM','BUY',346.910000000000025,'technical: uptrend (SMA50 315.69 > SMA200 306.65), RSI 68.03 ok -> BUY | fundamental: P/E 14.9 < 30, ROE 18% > 15% -> BUY | sentiment: neutral score +0 across 8 headlines -> HOLD | vote {''BUY'': 2, ''HOLD'': 1} => BUY','{"ticker": "JPM", "asof_utc": "2026-07-15T20:16:48+00:00", "price": 346.91, "sma_short": 315.69, "sma_long": 306.65, "rsi": 68.03, "ret_1m_pct": 8.65, "ret_3m_pct": 12.01, "trailing_pe": 14.856959, "forward_pe": 14.230425, "roe": 0.17789, "profit_margin": 0.34921002, "revenue_growth": 0.304, "debt_to_equity": null, "headlines": ["DBS Targets S$1 Trillion Wealth Assets by 2030, Adds 600 Staff", "Stocks making big moves yesterday: CoStar, JPMorgan Chase, The Real Brokerage, Semtech, and Paramount", "JPMorgan Chase, Stock Of The Day, Rises In Buy Zone: Next AI Winner?", "Banks\u2019 Blowout Earnings Steal the Spotlight from Big Tech\u2014for Now", "JPMorgan\u2019s Latest Defense Move Backs Sub Supplier and Philadelphia Shipbuilding", "Jamie Dimon JPMorgan $24 million Philadelphia shipbuilding", "Why High Credit Card Delinquencies Aren\u2019t Showing Up at the Big Banks", "JPMorgan Cuts Coinbase Target to $196, Warns on Circle Stablecoin Pressure"]}',NULL,NULL,NULL,'2026-07-16T01:05:47+00:00');
INSERT INTO decisions VALUES(32,2,'llm','JPM','BUY',346.910000000000025,'[conf 0.88] JPM exhibits strong bullish momentum with the price trading well above both the SMA50 and SMA200, supported by a robust 30.4% revenue growth and high profit margins. The forward P/E of 14.23 remains attractive relative to its ''Stock of the Day'' status and positive sentiment regarding AI integration and blowout earnings. Despite a high RSI, the 6-12 month horizon favors capturing the current upward trend and fundamental strength.','{"ticker": "JPM", "asof_utc": "2026-07-15T20:16:48+00:00", "price": 346.91, "sma_short": 315.69, "sma_long": 306.65, "rsi": 68.03, "ret_1m_pct": 8.65, "ret_3m_pct": 12.01, "trailing_pe": 14.856959, "forward_pe": 14.230425, "roe": 0.17789, "profit_margin": 0.34921002, "revenue_growth": 0.304, "debt_to_equity": null, "headlines": ["DBS Targets S$1 Trillion Wealth Assets by 2030, Adds 600 Staff", "Stocks making big moves yesterday: CoStar, JPMorgan Chase, The Real Brokerage, Semtech, and Paramount", "JPMorgan Chase, Stock Of The Day, Rises In Buy Zone: Next AI Winner?", "Banks\u2019 Blowout Earnings Steal the Spotlight from Big Tech\u2014for Now", "JPMorgan\u2019s Latest Defense Move Backs Sub Supplier and Philadelphia Shipbuilding", "Jamie Dimon JPMorgan $24 million Philadelphia shipbuilding", "Why High Credit Card Delinquencies Aren\u2019t Showing Up at the Big Banks", "JPMorgan Cuts Coinbase Target to $196, Warns on Circle Stablecoin Pressure"]}','{"content": "{\"signal\": \"BUY\", \"confidence\": 0.88, \"reasoning\": \"JPM exhibits strong bullish momentum with the price trading well above both the SMA50 and SMA200, supported by a robust 30.4% revenue growth and high profit margins. The forward P/E of 14.23 remains attractive relative to its ''Stock of the Day'' status and positive sentiment regarding AI integration and blowout earnings. Despite a high RSI, the 6-12 month horizon favors capturing the current upward trend and fundamental strength.\"}", "reasoning_content": "*   Ticker: JPM (JPMorgan Chase & Co.)\n    *   Current Position: None\n    *   Horizon: 6-12 months\n    *   Price: $346.91\n    *   SMA50: $315.69\n    *   SMA200: $306.65\n    *   RSI14: 68.03 (Approaching overbought, but strong momentum)\n    *   1m Return: 8.65%\n    *   3m Return: 12.01%\n    *   Trailing P/E: 14.86\n    *   Forward P/E: 14.23\n    *   ROE: 17.8%\n    *   Profit Margin: 34.9%\n    *   Revenue Growth: 30.4%\n    *   Headlines: \"Stock of the Day\", \"Next AI Winner?\", \"Banks'' Blowout Earnings\", \"Defense Move\", \"High Credit Card Delinquencies aren''t showing up\".\n\n    *   *Trend:* Price is well above both SMA50 and SMA200, indicating a strong bullish trend. RSI is high (68), suggesting strength but caution for immediate entry if it spikes further.\n    *   *Fundamentals:* Forward P/E of 14.23 is reasonable for a major bank. ROE of 17.8% and a profit margin of 34.9% are very strong. Revenue growth of 30.4% is significant.\n    *   *Sentiment:* Headlines are overwhelmingly positive (\"Stock of the Day\", \"Next AI Winner\", \"Blowout Earnings\"). The mention of credit card delinquencies not showing up is a positive sign for asset quality.\n    *   *Risk:* High RSI might suggest a pullback, but the 6-12 month horizon allows for riding the trend.\n\n    *   The stock is showing strong momentum and solid fundamentals.\n    *   The \"Stock of the Day\" and \"AI Winner\" headlines suggest institutional interest.\n    *   The 30.4% revenue growth is a key driver.\n    *   Action: BUY.\n\n    *   Confidence: 0.85 (Strong trend and fundamentals, though RSI is high).\n    *   Reasoning: JPM shows strong bullish momentum with price significantly above SMA50 and SMA200, supported by a robust 30.4% revenue growth and high profit margins. Positive headlines regarding \"blowout earnings\" and AI potential, combined with a reasonable forward P/E of 14.23, justify a long-term entry.", "finish_reason": "stop"}',71283,NULL,'2026-07-16T01:06:59+00:00');
INSERT INTO decisions VALUES(33,2,'rules','BAC','HOLD',61.59000000000000341,'technical: uptrend but overbought (RSI 73.05) -> HOLD | fundamental: P/E 14.2, ROE 11% in neutral zone -> HOLD | sentiment: neutral score +1 across 8 headlines -> HOLD | vote {''HOLD'': 3} => HOLD','{"ticker": "BAC", "asof_utc": "2026-07-15T20:16:49+00:00", "price": 61.59, "sma_short": 54.65, "sma_long": 52.44, "rsi": 73.05, "ret_1m_pct": 9.94, "ret_3m_pct": 16.05, "trailing_pe": 14.224019, "forward_pe": 11.778903, "roe": 0.111990005, "profit_margin": 0.29524, "revenue_growth": 0.214, "debt_to_equity": null, "headlines": ["IBM Q2 preview miss prompts analysts to cut estimates on softer demand", "Consumer spending is strong, but sentiment is low. What does that mean for CX?", "Fund Mangers Cut Cash and Embrace Risk, BofA Survey Shows", "Bank of America Says Consumer Unit Earned Nearly $3.3 Billion as Spending Holds Up", "Morgan Stanley Posts Blowout Quarter Thanks to Blockbuster IPOs, Newly Minted Millionaires", "Update: Morgan Stanley Tops Second-Quarter Revenue Views on Investment Banking, Trading Gains", "Morgan Stanley Tops Second-Quarter Views on Investment Banking, Trading Gains", "Markets Have Passed Their First Earnings Test, Now Comes Tech"]}',NULL,NULL,NULL,'2026-07-16T01:06:59+00:00');
INSERT INTO decisions VALUES(34,2,'llm','BAC','BUY',61.59000000000000341,'[conf 0.85] BAC shows strong fundamental growth with a 21.4% revenue growth rate and a healthy forward P/E of 11.78. Despite the high RSI indicating short-term overbought conditions, the 6-12 month horizon favors the positive momentum from strong consumer spending and BofA''s robust consumer unit earnings.','{"ticker": "BAC", "asof_utc": "2026-07-15T20:16:49+00:00", "price": 61.59, "sma_short": 54.65, "sma_long": 52.44, "rsi": 73.05, "ret_1m_pct": 9.94, "ret_3m_pct": 16.05, "trailing_pe": 14.224019, "forward_pe": 11.778903, "roe": 0.111990005, "profit_margin": 0.29524, "revenue_growth": 0.214, "debt_to_equity": null, "headlines": ["IBM Q2 preview miss prompts analysts to cut estimates on softer demand", "Consumer spending is strong, but sentiment is low. What does that mean for CX?", "Fund Mangers Cut Cash and Embrace Risk, BofA Survey Shows", "Bank of America Says Consumer Unit Earned Nearly $3.3 Billion as Spending Holds Up", "Morgan Stanley Posts Blowout Quarter Thanks to Blockbuster IPOs, Newly Minted Millionaires", "Update: Morgan Stanley Tops Second-Quarter Revenue Views on Investment Banking, Trading Gains", "Morgan Stanley Tops Second-Quarter Views on Investment Banking, Trading Gains", "Markets Have Passed Their First Earnings Test, Now Comes Tech"]}','{"content": "{\"signal\": \"BUY\", \"confidence\": 0.85, \"reasoning\": \"BAC shows strong fundamental growth with a 21.4% revenue growth rate and a healthy forward P/E of 11.78. Despite the high RSI indicating short-term overbought conditions, the 6-12 month horizon favors the positive momentum from strong consumer spending and BofA''s robust consumer unit earnings.\"}", "reasoning_content": "*   Ticker: BAC (Bank of America)\n    *   Current Position: None\n    *   Horizon: 6-12 months\n    *   Price: $61.59\n    *   SMA50: $54.65\n    *   SMA200: $52.44\n    *   RSI14: 73.05 (Overbought territory)\n    *   1m Return: 9.94%\n    *   3m Return: 16.05%\n    *   Trailing P/E: 14.22\n    *   Forward P/E: 11.78\n    *   ROE: 11.2%\n    *   Profit Margin: 29.5%\n    *   Revenue Growth: 21.4%\n    *   Headlines: Strong consumer spending, BofA survey shows fund managers embracing risk, BofA consumer unit earnings are strong.\n\n    *   *Trend:* Price is well above both SMA50 and SMA200, indicating a strong uptrend. However, RSI at 73.05 suggests the stock is currently overbought in the short term.\n    *   *Fundamentals:* Forward P/E of 11.78 is relatively low, suggesting reasonable valuation despite the price surge. Revenue growth of 21.4% is very strong for a large bank. Profit margin of 29.5% is healthy.\n    *   *Sentiment/News:* Positive news regarding BofA''s consumer unit earnings and a general trend of fund managers embracing risk are bullish.\n    *   *Risk:* High RSI might indicate a pullback is coming, but the 6-12 month horizon allows for riding out short-term volatility.\n\n    *   The stock is in a strong uptrend with solid fundamentals (low forward P/E, high revenue growth).\n    *   While RSI is high, the 6-12 month horizon favors a \"BUY\" or \"HOLD\" (if already held). Since the current position is \"none\", a \"BUY\" is appropriate given the strong growth and valuation.\n    *   However, because RSI is > 70, a \"HOLD\" might be safer to wait for a slight pullback, but the prompt asks for a decision on a 6-12 month horizon. The growth metrics (21.4% revenue growth) are compelling.\n\n    *   Signal: BUY\n    *   Confidence: 0.85 (High confidence due to strong growth and valuation, slightly tempered by high RSI).\n    *   Reasoning: Strong revenue growth of 21.4% and a low forward P/E of 11.78 suggest significant upside over a 6-12 month horizon. While the RSI indicates overbought conditions, the positive news regarding consumer spending and BofA''s consumer unit earnings support a bullish long-term outlook.\n\n    *   JSON only? Yes.\n    *   One action? Yes.\n    *   Reasoning 2-4 sentences? Yes.", "finish_reason": "stop"}',88436,NULL,'2026-07-16T01:08:27+00:00');
INSERT INTO decisions VALUES(35,2,'rules','V','BUY',355.1399999999999864,'technical: uptrend (SMA50 331.53 > SMA200 328.43), RSI 63.62 ok -> BUY | fundamental: P/E 31.0, ROE 60% in neutral zone -> HOLD | sentiment: net score +3 across 8 headlines -> BUY | vote {''BUY'': 2, ''HOLD'': 1} => BUY','{"ticker": "V", "asof_utc": "2026-07-15T20:16:51+00:00", "price": 355.14, "sma_short": 331.53, "sma_long": 328.43, "rsi": 63.62, "ret_1m_pct": 10.16, "ret_3m_pct": 14.29, "trailing_pe": 30.98953, "forward_pe": 23.89049, "roe": 0.60349, "profit_margin": 0.51679003, "revenue_growth": 0.171, "debt_to_equity": 67.233, "headlines": ["Bitwave CEO says tokenized stocks are the next stablecoins, and Nasdaq\u2019s 23 hour day proves it", "PayPal Stock is Trading at a Discount: Should You Buy, Sell or Hold?", "Visa Strengthens Value-Added Services With AI Assistant for Banks", "The PNC Financial Services Group Q2 Earnings Call Highlights", "Top 3 Crypto & Blockchain Stocks Powering the Future of Finance", "Jamie Dimon Delivers Mixed Message: Economy Is Resilient, But Market Risks Are Mounting", "PayPal Stock Jumps 14% on Report of $53 Billion Takeover Bid", "JPMorgan Chase market cap nears $1 trillion after record profit in Q2 2026"]}',NULL,NULL,NULL,'2026-07-16T01:08:27+00:00');
INSERT INTO decisions VALUES(36,2,'llm','V','BUY',355.1399999999999864,'[conf 0.88] Visa demonstrates exceptional fundamental strength with a 60.3% ROE and a high 51.7% profit margin, coupled with robust 17.1% revenue growth. The stock is currently trading above both its 50-day and 200-day SMAs, indicating a strong bullish trend. Furthermore, the forward P/E of 23.89 suggests a reasonable valuation relative to its high-quality earnings profile.','{"ticker": "V", "asof_utc": "2026-07-15T20:16:51+00:00", "price": 355.14, "sma_short": 331.53, "sma_long": 328.43, "rsi": 63.62, "ret_1m_pct": 10.16, "ret_3m_pct": 14.29, "trailing_pe": 30.98953, "forward_pe": 23.89049, "roe": 0.60349, "profit_margin": 0.51679003, "revenue_growth": 0.171, "debt_to_equity": 67.233, "headlines": ["Bitwave CEO says tokenized stocks are the next stablecoins, and Nasdaq\u2019s 23 hour day proves it", "PayPal Stock is Trading at a Discount: Should You Buy, Sell or Hold?", "Visa Strengthens Value-Added Services With AI Assistant for Banks", "The PNC Financial Services Group Q2 Earnings Call Highlights", "Top 3 Crypto & Blockchain Stocks Powering the Future of Finance", "Jamie Dimon Delivers Mixed Message: Economy Is Resilient, But Market Risks Are Mounting", "PayPal Stock Jumps 14% on Report of $53 Billion Takeover Bid", "JPMorgan Chase market cap nears $1 trillion after record profit in Q2 2026"]}','{"content": "{\n  \"signal\": \"BUY\",\n  \"confidence\": 0.88,\n  \"reasoning\": \"Visa demonstrates exceptional fundamental strength with a 60.3% ROE and a high 51.7% profit margin, coupled with robust 17.1% revenue growth. The stock is currently trading above both its 50-day and 200-day SMAs, indicating a strong bullish trend. Furthermore, the forward P/E of 23.89 suggests a reasonable valuation relative to its high-quality earnings profile.\"\n}", "reasoning_content": "*   Ticker: V (Visa)\n    *   Current Position: None\n    *   Horizon: 6-12 months\n    *   Price: $355.14\n    *   SMA50: $331.53 (Price is above SMA50)\n    *   SMA200: $328.43 (Price is above SMA200)\n    *   RSI14: 63.62 (Approaching overbought, but still healthy)\n    *   1m Return: 10.16%\n    *   3m Return: 14.29%\n    *   Trailing P/E: 30.99\n    *   Forward P/E: 23.89 (Significant compression, suggesting growth expectations)\n    *   ROE: 60.3% (Very high)\n    *   Profit Margin: 51.7% (Very high)\n    *   Revenue Growth: 17.1%\n    *   Debt/Equity: 67.23 (Manageable for a large-cap financial)\n    *   Headlines: Visa is strengthening value-added services with AI; general market sentiment is mixed but Visa remains a core fintech leader.\n\n    *   *Bullish:* Strong price momentum (above both SMAs), high ROE (60.3%), high profit margins (51.7%), and solid revenue growth (17.1%). The forward P/E of 23.89 relative to the trailing P/E suggests the market expects continued earnings growth.\n    *   *Bearish/Neutral:* RSI is getting high (63.62), indicating the stock might be getting hot. Debt/Equity is 67.23, but for a company of Visa''s scale, this is standard.\n    *   *Action:* The fundamentals are exceptionally strong, and the price trend is positive. A \"BUY\" signal is appropriate for a 6-12 month horizon given the high margins and growth.\n\n    *   Signal: BUY\n    *   Confidence: 0.85 (High confidence due to strong fundamentals and trend, slight deduction for high RSI).\n    *   Reasoning: Visa exhibits exceptional profitability with a 60.3% ROE and 51.7% profit margin, supported by double-digit revenue growth. The price is trending above both the 50-day and 200-day SMAs, and the forward P/E compression suggests attractive valuation for a high-quality growth stock.\n\n    *   JSON only? Yes.\n    *   One action? Yes.\n    *   Reasoning 2-4 sentences? Yes.", "finish_reason": "stop"}',83762,NULL,'2026-07-16T01:09:51+00:00');
INSERT INTO decisions VALUES(37,2,'rules','JNJ','BUY',247.0200000000000102,'technical: uptrend (SMA50 237.2 > SMA200 220.38), RSI 48.85 ok -> BUY | fundamental: P/E 28.6 < 30, ROE 26% > 15% -> BUY | sentiment: net score +2 across 8 headlines -> BUY | vote {''BUY'': 3} => BUY','{"ticker": "JNJ", "asof_utc": "2026-07-15T20:16:52+00:00", "price": 247.02, "sma_short": 237.2, "sma_long": 220.38, "rsi": 48.85, "ret_1m_pct": 2.55, "ret_3m_pct": 3.47, "trailing_pe": 28.623407, "forward_pe": 19.365948, "roe": 0.26416, "profit_margin": 0.21834, "revenue_growth": 0.099, "debt_to_equity": 67.73, "headlines": ["Johnson & Johnson\u2019s Spravato sales growth supports psychedelic drug opportunity: Jefferies", "The Open Questions On ISRG Stock", "Micron, PayPal, IBM, SpaceX, BlackRock, and More Stocks That Explain Today\u2019s Market", "Johnson & Johnson CFO Says This Drug Is Outperforming \u2018Almost Any Launch\u2019 in Recent Memory", "Sector Update: Healthcare Stocks Advance in Afternoon Trading", "Prediction: This Dividend King Could End The Year With a New All-Time High Stock Price", "J&J Slipped On Its Report; Why It Bodes Well For Intuitive, Abbott, Others", "Health Care Roundup: Market Talk"]}',NULL,NULL,NULL,'2026-07-16T01:09:51+00:00');
INSERT INTO decisions VALUES(38,2,'llm','JNJ','BUY',247.0200000000000102,'[conf 0.85] JNJ exhibits strong fundamental health with a 26.4% ROE and a compelling forward P/E of 19.37. The stock is trading above its 50-day and 200-day SMAs, supported by positive news regarding drug performance and its status as a Dividend King. The combination of steady revenue growth and a healthy profit margin makes it a solid long-term core holding.','{"ticker": "JNJ", "asof_utc": "2026-07-15T20:16:52+00:00", "price": 247.02, "sma_short": 237.2, "sma_long": 220.38, "rsi": 48.85, "ret_1m_pct": 2.55, "ret_3m_pct": 3.47, "trailing_pe": 28.623407, "forward_pe": 19.365948, "roe": 0.26416, "profit_margin": 0.21834, "revenue_growth": 0.099, "debt_to_equity": 67.73, "headlines": ["Johnson & Johnson\u2019s Spravato sales growth supports psychedelic drug opportunity: Jefferies", "The Open Questions On ISRG Stock", "Micron, PayPal, IBM, SpaceX, BlackRock, and More Stocks That Explain Today\u2019s Market", "Johnson & Johnson CFO Says This Drug Is Outperforming \u2018Almost Any Launch\u2019 in Recent Memory", "Sector Update: Healthcare Stocks Advance in Afternoon Trading", "Prediction: This Dividend King Could End The Year With a New All-Time High Stock Price", "J&J Slipped On Its Report; Why It Bodes Well For Intuitive, Abbott, Others", "Health Care Roundup: Market Talk"]}','{"content": "{\"signal\": \"BUY\", \"confidence\": 0.85, \"reasoning\": \"JNJ exhibits strong fundamental health with a 26.4% ROE and a compelling forward P/E of 19.37. The stock is trading above its 50-day and 200-day SMAs, supported by positive news regarding drug performance and its status as a Dividend King. The combination of steady revenue growth and a healthy profit margin makes it a solid long-term core holding.\"}", "reasoning_content": "*   Ticker: JNJ (Johnson & Johnson)\n    *   Current Position: None\n    *   Horizon: 6-12 months\n    *   Price: $247.02\n    *   SMA50: $237.20 (Price is above SMA50)\n    *   SMA200: $220.38 (Price is well above SMA200)\n    *   RSI14: 48.85 (Neutral)\n    *   Returns: 1m (2.55%), 3m (3.47%) - Positive but modest.\n    *   P/E: Trailing 28.62, Forward 19.37 (Significant compression, suggesting growth expectations or valuation correction).\n    *   ROE: 26.4% (Strong)\n    *   Profit Margin: 21.8% (Strong)\n    *   Revenue Growth: 9.9% (Solid)\n    *   Debt/Equity: 67.73 (Manageable for a large cap)\n    *   Headlines: Positive sentiment regarding drug performance (Spravato), \"Dividend King\" potential for all-time high, and general healthcare sector strength.\n\n    *   *Bullish:* Strong fundamentals (ROE, Profit Margin), positive price action relative to moving averages, positive news on drug launches, and a \"Dividend King\" status providing a safety net. Forward P/E of 19.37 is attractive for a high-quality healthcare giant.\n    *   *Bearish/Neutral:* RSI is neutral. Some headlines mention \"slipping\" on reports, but the overall sentiment is positive.\n\n    *   The stock is trading above its 50 and 200-day moving averages, indicating a healthy uptrend.\n    *   The forward P/E of 19.37 combined with a 26.4% ROE suggests a high-quality company at a reasonable valuation.\n    *   The \"Dividend King\" status and strong drug performance headlines support a long-term (6-12 month) bullish outlook.\n\n    *   Signal: BUY\n    *   Confidence: 0.85 (High confidence due to strong fundamentals and positive trend).\n    *   Reasoning: JNJ shows strong fundamental health with a 26.4% ROE and a compelling forward P/E of 19.37. The price is trending above both the 50-day and 200-day SMAs, supported by positive news regarding drug performance and its status as a Dividend King.", "finish_reason": "stop"}',84358,NULL,'2026-07-16T01:11:15+00:00');
INSERT INTO decisions VALUES(39,2,'rules','UNH','BUY',418.5199999999999819,'technical: uptrend (SMA50 399.31 > SMA200 336.98), RSI 53.75 ok -> BUY | fundamental: P/E 31.5, ROE 12% in neutral zone -> HOLD | sentiment: net score +2 across 8 headlines -> BUY | vote {''BUY'': 2, ''HOLD'': 1} => BUY','{"ticker": "UNH", "asof_utc": "2026-07-15T20:16:53+00:00", "price": 418.52, "sma_short": 399.31, "sma_long": 336.98, "rsi": 53.75, "ret_1m_pct": 3.03, "ret_3m_pct": 33.97, "trailing_pe": 31.538807, "forward_pe": 19.891474, "roe": 0.121759996, "profit_margin": 0.02678, "revenue_growth": 0.02, "debt_to_equity": 73.982, "headlines": ["Elevance Beat Earnings Estimates, but the Stock Falls on Medicaid Spending Worries", "ELV Beats Q2 Earnings Estimates on Higher CarelonRx Product Revenues", "Will UnitedHealth (UNH) Beat Estimates Again in Its Next Earnings Report?", "Health insurance stocks slide after Elevance highlights margin pressures (ELV)", "Is It Worth Investing in UnitedHealth (UNH) Based on Wall Street''s Bullish Views?", "Why Elevance Earnings Gave Health Insurance Stocks A Cold; UNH Up Next", "Insurance stocks fall after Elevance Health results show margin pressure", "UnitedHealth (UNH) Reports Q2: Everything You Need To Know Ahead Of Earnings"]}',NULL,NULL,NULL,'2026-07-16T01:11:15+00:00');
INSERT INTO decisions VALUES(40,2,'llm','UNH','BUY',418.5199999999999819,'[conf 0.85] UNH exhibits strong bullish momentum with a 33.97% return over the last 3 months and price trading well above both the SMA50 and SMA200. The forward P/E of 19.89 suggests an attractive valuation relative to the trailing P/E, providing a margin of safety against sector-wide Medicaid spending concerns. Despite low profit margins, the stock''s dominant market position and positive Wall Street sentiment support a long-term bullish outlook.','{"ticker": "UNH", "asof_utc": "2026-07-15T20:16:53+00:00", "price": 418.52, "sma_short": 399.31, "sma_long": 336.98, "rsi": 53.75, "ret_1m_pct": 3.03, "ret_3m_pct": 33.97, "trailing_pe": 31.538807, "forward_pe": 19.891474, "roe": 0.121759996, "profit_margin": 0.02678, "revenue_growth": 0.02, "debt_to_equity": 73.982, "headlines": ["Elevance Beat Earnings Estimates, but the Stock Falls on Medicaid Spending Worries", "ELV Beats Q2 Earnings Estimates on Higher CarelonRx Product Revenues", "Will UnitedHealth (UNH) Beat Estimates Again in Its Next Earnings Report?", "Health insurance stocks slide after Elevance highlights margin pressures (ELV)", "Is It Worth Investing in UnitedHealth (UNH) Based on Wall Street''s Bullish Views?", "Why Elevance Earnings Gave Health Insurance Stocks A Cold; UNH Up Next", "Insurance stocks fall after Elevance Health results show margin pressure", "UnitedHealth (UNH) Reports Q2: Everything You Need To Know Ahead Of Earnings"]}','{"content": "{\"signal\": \"BUY\", \"confidence\": 0.85, \"reasoning\": \"UNH exhibits strong bullish momentum with a 33.97% return over the last 3 months and price trading well above both the SMA50 and SMA200. The forward P/E of 19.89 suggests an attractive valuation relative to the trailing P/E, providing a margin of safety against sector-wide Medicaid spending concerns. Despite low profit margins, the stock''s dominant market position and positive Wall Street sentiment support a long-term bullish outlook.\"}", "reasoning_content": "*   Ticker: UNH (UnitedHealth Group)\n    *   Current Position: None\n    *   Horizon: 6-12 months\n    *   Price: $418.52\n    *   SMA50: $399.31 (Price is above SMA50)\n    *   SMA200: $336.98 (Price is well above SMA200)\n    *   RSI14: 53.75 (Neutral)\n    *   Returns: 1m (+3.03%), 3m (+33.97%) - Strong recent momentum.\n    *   P/E: Trailing 31.54, Forward 19.89 (Significant compression/growth expectation).\n    *   ROE: 12.2%\n    *   Profit Margin: 2.7% (Relatively low, but typical for large health insurers).\n    *   Revenue Growth: 2.0% (Slow).\n    *   Debt/Equity: 73.98 (Manageable).\n    *   Headlines: Mixed. Concerns about Medicaid spending and margin pressures in the sector (via ELV), but UNH is generally viewed as a \"bullish\" stock by Wall Street.\n\n    *   *Bullish:* Strong price momentum (3m return +33.97%), price above both SMAs, forward P/E is attractive (19.89) compared to trailing, and Wall Street sentiment remains bullish.\n    *   *Bearish:* Low profit margin (2.7%), slow revenue growth (2.0%), and sector-wide concerns regarding Medicaid spending and margin pressures.\n    *   *Synthesis:* The forward P/E suggests the market expects significant earnings growth or a valuation correction. The strong 3-month price action indicates strong institutional support. While the sector is facing headwinds (Medicaid), UNH is a dominant market leader.\n\n    *   Action: BUY\n    *   Confidence: 0.85 (High confidence due to strong momentum and attractive forward valuation despite sector headwinds).\n    *   Reasoning: UNH shows strong bullish momentum with a 33.97% return over 3 months and price trading well above its SMA50 and SMA200. The forward P/E of 19.89 suggests attractive valuation relative to historical levels, offsetting concerns about Medicaid spending and sector-wide margin pressures.\n\n    *   JSON format? Yes.\n    *   Only JSON? Yes.\n    *   Signal: BUY.\n    *   Confidence: 0.85.\n    *   Reasoning: 2-4 sentences.", "finish_reason": "stop"}',89101,NULL,'2026-07-16T01:12:44+00:00');
INSERT INTO decisions VALUES(41,2,'rules','PFE','HOLD',24.80000000000000071,'technical: downtrend (SMA50 25.29 <= SMA200 25.32) -> SELL | fundamental: P/E 18.9, ROE 8% in neutral zone -> HOLD | sentiment: net score +2 across 8 headlines -> BUY | vote {''SELL'': 1, ''HOLD'': 1, ''BUY'': 1} => HOLD','{"ticker": "PFE", "asof_utc": "2026-07-15T20:16:54+00:00", "price": 24.8, "sma_short": 25.29, "sma_long": 25.32, "rsi": 51.09, "ret_1m_pct": -5.38, "ret_3m_pct": -7.01, "trailing_pe": 18.931297, "forward_pe": 8.752272, "roe": 0.083100006, "profit_margin": 0.118310004, "revenue_growth": 0.054, "debt_to_equity": 71.602, "headlines": ["Prediction: This Dividend King Could End The Year With a New All-Time High Stock Price", "Stock Market Is Giving A Pristine Entry Point Into This 64-Year Dividend King", "Pfizer (PFE) Announces FDA Approval of PADCEV plus Keytruda in MIBC", "Is the Bearishness Around Pfizer and Gilead Sciences a Contrarian Opportunity?", "Celcuity shares fall as delayed breast cancer drug launch eclipses first US FDA approval", "Celcuity gains FDA approval for closely watched breast cancer drug", "Pfizer (PFE) Wins FDA Approval For First Platinum Free Bladder Cancer Regimen", "CELC Stock Clocks Best Day In About 2 Months On First FDA Approval For Cancer Drug"]}',NULL,NULL,NULL,'2026-07-16T01:12:44+00:00');
INSERT INTO decisions VALUES(42,2,'llm','PFE','BUY',24.80000000000000071,'[conf 0.85] Pfizer is trading at a very low forward P/E of 8.75, suggesting significant undervaluation despite recent bearish price action. Positive clinical catalysts, including multiple FDA approvals for cancer treatments, provide a strong growth runway for a 6-12 month horizon. The current price near the SMA200 aligns with headlines suggesting a ''pristine entry point'' for a contrarian value play.','{"ticker": "PFE", "asof_utc": "2026-07-15T20:16:54+00:00", "price": 24.8, "sma_short": 25.29, "sma_long": 25.32, "rsi": 51.09, "ret_1m_pct": -5.38, "ret_3m_pct": -7.01, "trailing_pe": 18.931297, "forward_pe": 8.752272, "roe": 0.083100006, "profit_margin": 0.118310004, "revenue_growth": 0.054, "debt_to_equity": 71.602, "headlines": ["Prediction: This Dividend King Could End The Year With a New All-Time High Stock Price", "Stock Market Is Giving A Pristine Entry Point Into This 64-Year Dividend King", "Pfizer (PFE) Announces FDA Approval of PADCEV plus Keytruda in MIBC", "Is the Bearishness Around Pfizer and Gilead Sciences a Contrarian Opportunity?", "Celcuity shares fall as delayed breast cancer drug launch eclipses first US FDA approval", "Celcuity gains FDA approval for closely watched breast cancer drug", "Pfizer (PFE) Wins FDA Approval For First Platinum Free Bladder Cancer Regimen", "CELC Stock Clocks Best Day In About 2 Months On First FDA Approval For Cancer Drug"]}','{"content": "{\"signal\": \"BUY\", \"confidence\": 0.85, \"reasoning\": \"Pfizer is trading at a very low forward P/E of 8.75, suggesting significant undervaluation despite recent bearish price action. Positive clinical catalysts, including multiple FDA approvals for cancer treatments, provide a strong growth runway for a 6-12 month horizon. The current price near the SMA200 aligns with headlines suggesting a ''pristine entry point'' for a contrarian value play.\"}", "reasoning_content": "*   Ticker: PFE (Pfizer)\n    *   Current Position: None\n    *   Horizon: 6-12 months\n    *   Price: $24.80\n    *   SMA50: $25.29, SMA200: $25.32 (Price is slightly below both, but very close to SMA200).\n    *   RSI14: 51.09 (Neutral).\n    *   Returns: -5.38% (1m), -7.01% (3m) (Bearish short-term trend).\n    *   P/E: Trailing 18.93, Forward 8.75 (Very low forward P/E suggests undervaluation).\n    *   ROE: 8.3%, Profit Margin: 11.8%, Revenue Growth: 5.4%.\n    *   Debt/Equity: 71.60 (Relatively high but common for big pharma).\n    *   Headlines:\n        *   \"Dividend King\" (Positive for income/stability).\n        *   \"Pristine Entry Point\" (Bullish sentiment).\n        *   \"FDA Approval of PADCEV plus Keytruda\" (Positive clinical/commercial news).\n        *   \"Contrarian Opportunity\" (Bullish sentiment).\n        *   \"FDA Approval For First Platinum Free Bladder Cancer Regimen\" (Positive clinical news).\n\n    *   *Bull Case:* Extremely low forward P/E (8.75) suggests the stock is undervalued relative to earnings. Recent FDA approvals for cancer treatments provide a growth catalyst. The \"Dividend King\" status and \"contrarian opportunity\" headlines suggest a value play with a safety net.\n    *   *Bear Case:* Short-term price action is negative (-7% in 3 months). Debt/Equity is high.\n    *   *Synthesis:* For a 6-12 month horizon, the low forward P/E combined with positive clinical news and a \"contrarian\" setup makes this a strong candidate for a value-oriented \"BUY\". The price is currently near the SMA200, providing a good entry point.\n\n    *   Signal: BUY\n    *   Confidence: 0.85 (Strong valuation support, but short-term trend is slightly bearish).\n    *   Reasoning: The forward P/E of 8.75 indicates significant undervaluation compared to historical norms, while recent FDA approvals for cancer treatments provide positive catalysts. The stock is currently trading near its SMA200, offering a \"pristine entry point\" for a contrarian long-term play.\n\n    *   JSON format? Yes.\n    *   Only JSON? Yes.\n    *   Signal: BUY.\n    *   Confidence: 0.85.\n    *   Reasoning: 2-4 sentences.", "finish_reason": "stop"}',92095,NULL,'2026-07-16T01:14:16+00:00');
INSERT INTO decisions VALUES(43,2,'rules','CAT','BUY',914.2999999999999546,'technical: uptrend (SMA50 929.44 > SMA200 714.45), RSI 44.37 ok -> BUY | fundamental: P/E 45.6 or ROE 51% outside limits -> SELL | sentiment: net score +3 across 8 headlines -> BUY | vote {''BUY'': 2, ''SELL'': 1} => BUY','{"ticker": "CAT", "asof_utc": "2026-07-15T20:16:55+00:00", "price": 914.3, "sma_short": 929.44, "sma_long": 714.45, "rsi": 44.37, "ret_1m_pct": 0.41, "ret_3m_pct": 15.33, "trailing_pe": 45.555557, "forward_pe": 30.099558, "roe": 0.51331, "profit_margin": 0.13328, "revenue_growth": 0.222, "debt_to_equity": 230.793, "headlines": ["What to Expect From Caterpillar''s Q2 2026 Earnings Report", "Before The Surge, CAT Stock Was Sending A Power-Grid Sized Signal", "Caterpillar (CAT) Launches $5 Million Texas Workforce Initiative", "Is GE Vernova Inc. (GEV) Among the Ray Dalio Stock Portfolio: 10 Best Stocks to Buy?", "Fastenal Q2 Earnings Meet Estimates, Sales Beat on Favorable Pricing", "The Power Plant Signal Hiding Inside Caterpillar Stock", "Investors Heavily Search Caterpillar Inc. (CAT): Here is What You Need to Know", "Caterpillar (CAT) Bets On Recurring Revenue After 38% Construction Sales Surge"]}',NULL,NULL,NULL,'2026-07-16T01:14:16+00:00');
INSERT INTO decisions VALUES(44,2,'llm','CAT','BUY',914.2999999999999546,'[conf 0.85] Caterpillar shows strong fundamental growth with a 22.2% revenue increase and a high ROE of 51.3%, supported by significant forward P/E compression to 30.10. The ''power-grid'' and ''recurring revenue'' headlines suggest structural tailwinds in infrastructure and energy. Despite being slightly below the 50-day SMA, the 3-month price action and high profitability justify a long-term entry.','{"ticker": "CAT", "asof_utc": "2026-07-15T20:16:55+00:00", "price": 914.3, "sma_short": 929.44, "sma_long": 714.45, "rsi": 44.37, "ret_1m_pct": 0.41, "ret_3m_pct": 15.33, "trailing_pe": 45.555557, "forward_pe": 30.099558, "roe": 0.51331, "profit_margin": 0.13328, "revenue_growth": 0.222, "debt_to_equity": 230.793, "headlines": ["What to Expect From Caterpillar''s Q2 2026 Earnings Report", "Before The Surge, CAT Stock Was Sending A Power-Grid Sized Signal", "Caterpillar (CAT) Launches $5 Million Texas Workforce Initiative", "Is GE Vernova Inc. (GEV) Among the Ray Dalio Stock Portfolio: 10 Best Stocks to Buy?", "Fastenal Q2 Earnings Meet Estimates, Sales Beat on Favorable Pricing", "The Power Plant Signal Hiding Inside Caterpillar Stock", "Investors Heavily Search Caterpillar Inc. (CAT): Here is What You Need to Know", "Caterpillar (CAT) Bets On Recurring Revenue After 38% Construction Sales Surge"]}','{"content": "{\"signal\": \"BUY\", \"confidence\": 0.85, \"reasoning\": \"Caterpillar shows strong fundamental growth with a 22.2% revenue increase and a high ROE of 51.3%, supported by significant forward P/E compression to 30.10. The ''power-grid'' and ''recurring revenue'' headlines suggest structural tailwinds in infrastructure and energy. Despite being slightly below the 50-day SMA, the 3-month price action and high profitability justify a long-term entry.\"}", "reasoning_content": "*   Ticker: CAT (Caterpillar Inc.)\n    *   Current Position: None\n    *   Horizon: 6-12 months\n    *   Price: $914.30\n    *   SMA50: $929.44 (Price is slightly below 50-day SMA)\n    *   SMA200: $714.45 (Price is well above 200-day SMA - long-term bullish)\n    *   RSI14: 44.37 (Neutral, slightly bearish momentum but not oversold)\n    *   1m Return: 0.41% (Flat)\n    *   3m Return: 15.33% (Strong recent growth)\n\n    *   Trailing P/E: 45.56 (High)\n    *   Forward P/E: 30.10 (Significant compression, suggesting expected earnings growth)\n    *   ROE: 51.3% (Very high, excellent profitability)\n    *   Profit Margin: 13.3% (Solid)\n    *   Revenue Growth: 22.2% (Strong growth)\n    *   Debt/Equity: 230.79 (High, but common for heavy machinery/industrial)\n\n    *   Q2 2026 Earnings expectations.\n    *   \"Power-Grid Sized Signal\" / \"Power Plant Signal\" (Indicates infrastructure/energy transition tailwinds).\n    *   \"Recurring Revenue\" / \"38% Construction Sales Surge\" (Diversification and growth in core sectors).\n    *   General high investor interest.\n\n    *   *Bull Case:* Strong revenue growth (22.2%), high ROE (51.3%), and significant forward P/E compression (45.56 -> 30.10) suggest the stock is undervalued relative to future earnings. The \"Power-Grid\" and \"Recurring Revenue\" headlines suggest structural growth in infrastructure and energy.\n    *   *Bear Case:* High debt/equity and the price being slightly below the 50-day SMA might suggest a short-term pullback.\n    *   *Decision:* The forward P/E compression combined with high ROE and strong revenue growth makes this a compelling \"BUY\" for a 6-12 month horizon. The price is currently in a consolidation phase (RSI 44) after a 3-month run, providing a good entry point.\n\n    *   Signal: BUY\n    *   Confidence: 0.85 (Strong fundamentals, but high debt and current price slightly below SMA 50 warrant some caution).\n    *   Reasoning: Strong revenue growth of 22.2% and a high ROE of 51.3% support a bullish outlook, while the forward P/E compression to 30.10 suggests attractive valuation for a 6-12 month horizon. Headlines regarding power-grid signals and recurring revenue indicate structural tailwinds in infrastructure and energy.", "finish_reason": "stop"}',105907,NULL,'2026-07-16T01:16:02+00:00');
INSERT INTO decisions VALUES(45,2,'rules','BA','HOLD',218.1200000000000045,'technical: uptrend (SMA50 222.72 > SMA200 218.67), RSI 46.55 ok -> BUY | fundamental: P/E 85.9 or ROE 170% outside limits -> SELL | sentiment: neutral score +1 across 8 headlines -> HOLD | vote {''BUY'': 1, ''SELL'': 1, ''HOLD'': 1} => HOLD','{"ticker": "BA", "asof_utc": "2026-07-15T20:16:56+00:00", "price": 218.12, "sma_short": 222.72, "sma_long": 218.67, "rsi": 46.55, "ret_1m_pct": -0.42, "ret_3m_pct": -2.52, "trailing_pe": 85.874016, "forward_pe": 53.340504, "roe": 1.69947, "profit_margin": 0.024600001, "revenue_growth": 0.14, "debt_to_equity": 828.696, "headlines": ["Morgan Stanley stays bullish on aerospace, defense ahead of Q2 earnings", "Aerospace Stocks Q1 Highlights: Boeing (NYSE:BA)", "SpaceX Stock Just Dropped Below Its IPO Price. How it Bounces Back.", "Can Boeing Benefit From the Global Airline Fleet Renewal Cycle?", "Here Are Wednesday\u2019s Top Wall Street Analyst Research Calls: Allstate, AMC Entertainment, Boeing, CAVA Group, Check Point Software, Digital Realty Trust, FedEx, IBM, UPS, and More", "How This Top-Performing Bond Fund Is Navigating a Tricky Market", "Why Boeing (BA) Is Down 6.3% After Fresh 777X Delays And Supply Snags \u2013 And What''s Next", "3 Portfolio-Worthy Stocks to Consider as Q2 Earnings Approach: GE, TSM, UNH"]}',NULL,NULL,NULL,'2026-07-16T01:16:02+00:00');
INSERT INTO decisions VALUES(46,2,'llm','BA','HOLD',218.1200000000000045,'[conf 0.75] While Morgan Stanley remains bullish on the aerospace sector, Boeing''s extremely high debt-to-equity ratio (828.70) and thin profit margins (2.5%) present significant financial risk. Recent 777X delays and supply snags create near-term operational headwinds that outweigh the positive revenue growth and fleet renewal cycle tailwinds.','{"ticker": "BA", "asof_utc": "2026-07-15T20:16:56+00:00", "price": 218.12, "sma_short": 222.72, "sma_long": 218.67, "rsi": 46.55, "ret_1m_pct": -0.42, "ret_3m_pct": -2.52, "trailing_pe": 85.874016, "forward_pe": 53.340504, "roe": 1.69947, "profit_margin": 0.024600001, "revenue_growth": 0.14, "debt_to_equity": 828.696, "headlines": ["Morgan Stanley stays bullish on aerospace, defense ahead of Q2 earnings", "Aerospace Stocks Q1 Highlights: Boeing (NYSE:BA)", "SpaceX Stock Just Dropped Below Its IPO Price. How it Bounces Back.", "Can Boeing Benefit From the Global Airline Fleet Renewal Cycle?", "Here Are Wednesday\u2019s Top Wall Street Analyst Research Calls: Allstate, AMC Entertainment, Boeing, CAVA Group, Check Point Software, Digital Realty Trust, FedEx, IBM, UPS, and More", "How This Top-Performing Bond Fund Is Navigating a Tricky Market", "Why Boeing (BA) Is Down 6.3% After Fresh 777X Delays And Supply Snags \u2013 And What''s Next", "3 Portfolio-Worthy Stocks to Consider as Q2 Earnings Approach: GE, TSM, UNH"]}','{"content": "{\"signal\": \"HOLD\", \"confidence\": 0.75, \"reasoning\": \"While Morgan Stanley remains bullish on the aerospace sector, Boeing''s extremely high debt-to-equity ratio (828.70) and thin profit margins (2.5%) present significant financial risk. Recent 777X delays and supply snags create near-term operational headwinds that outweigh the positive revenue growth and fleet renewal cycle tailwinds.\"}", "reasoning_content": "*   Ticker: BA (Boeing)\n    *   Current Position: None\n    *   Horizon: 6-12 months\n    *   Price: $218.12\n    *   SMA50: $222.72 (Price is below SMA50)\n    *   SMA200: $218.67 (Price is slightly below SMA200)\n    *   RSI14: 46.55 (Neutral)\n    *   Returns: -0.42% (1m), -2.52% (3m) (Slightly bearish/sideways)\n    *   P/E: Trailing 85.87 (High), Forward 53.34 (Still high)\n    *   ROE: 169.9% (Very high, but likely skewed by specific accounting/one-time items or debt structure)\n    *   Profit Margin: 2.5% (Very thin)\n    *   Revenue Growth: 14.0% (Positive)\n    *   Debt/Equity: 828.70 (Extremely high, indicates significant leverage/financial risk)\n    *   Headlines:\n        *   Bullish on aerospace/defense (Morgan Stanley).\n        *   777X delays and supply snags (Bearish/Operational risk).\n        *   Fleet renewal cycle (Bullish/Long-term tailwind).\n        *   Mixed analyst coverage.\n\n    *   *Bullish Factors:* Morgan Stanley bullishness, fleet renewal cycle, 14% revenue growth.\n    *   *Bearish Factors:* High debt/equity (828.70), thin profit margins (2.5%), recent 777X delays/supply snags, price below SMA200.\n    *   *Valuation:* Forward P/E of 53.34 is high for a company with such high debt and thin margins.\n\n    *   The debt-to-equity ratio is a major red flag for a long-only portfolio, especially with a thin profit margin.\n    *   The recent news about 777X delays suggests ongoing operational struggles.\n    *   While there is a fleet renewal cycle, the current technicals (below SMA200) and high valuation/debt make a \"BUY\" risky for a 6-12 month horizon.\n    *   However, the prompt asks for a decision. Given the \"none\" position and the mixed signals (bullish analyst sentiment vs. operational delays and high debt), a \"HOLD\" (staying out) or a \"SELL\" (not applicable) is appropriate. Since I don''t hold it, \"HOLD\" means not buying yet.\n\n    *   *Wait, let''s re-evaluate.* Is there a \"BUY\" case? Revenue growth is 14%. But the debt is massive.\n    *   *Decision:* HOLD. The risk profile (high debt, low margins, and recent production delays) outweighs the bullish analyst sentiment for a 6-12 month horizon.\n\n    *   Signal: HOLD\n    *   Confidence: 0.75\n    *   Reasoning: While Morgan Stanley remains bullish on the aerospace sector, Boeing''s extremely high debt-to-equity ratio (828.70) and thin profit margins (2.5%) present significant risk. Recent 777X delays and supply snags further complicate the near-term outlook despite the long-term fleet renewal cycle.", "finish_reason": "stop"}',119941,NULL,'2026-07-16T01:18:02+00:00');
INSERT INTO decisions VALUES(47,2,'rules','XOM','HOLD',144.5,'technical: uptrend (SMA50 146.12 > SMA200 135.49), RSI 54.64 ok -> BUY | fundamental: P/E 24.4, ROE 10% in neutral zone -> HOLD | sentiment: neutral score +0 across 8 headlines -> HOLD | vote {''BUY'': 1, ''HOLD'': 2} => HOLD','{"ticker": "XOM", "asof_utc": "2026-07-15T20:16:57+00:00", "price": 144.5, "sma_short": 146.12, "sma_long": 135.49, "rsi": 54.64, "ret_1m_pct": -1.71, "ret_3m_pct": -2.52, "trailing_pe": 24.367622, "forward_pe": 13.532307, "roe": 0.09873, "profit_margin": 0.077649996, "revenue_growth": 0.026, "debt_to_equity": 18.261, "headlines": ["ExxonMobil Is Poised for a Major Transformation by 2040", "ExxonMobil vs. Phillips 66: Which Energy Stock Should You Pick?", "If You\u2019d Invested $10,000 In Exxon Mobil When The Iran Conflict Started, Here\u2019s How Much You\u2019d Have Now", "Once-Shunned Refiners Are Minting Money", "How Cheap Is ExxonMobil Stock Once You Look Two Years Out?", "Chevron Entered The AI Power Business. The Oil Patch Won''t Be The Same.", "Oil Crosses $80 Again: Can ExxonMobil''s Upstream Business Thrive?", "Here is What to Know Beyond Why ExxonMobil Holdings Corporation (XOM) is a Trending Stock"]}',NULL,NULL,NULL,'2026-07-16T01:18:02+00:00');
INSERT INTO decisions VALUES(48,2,'llm','XOM','BUY',144.5,'[conf 0.85] The significant compression between the trailing P/E of 24.37 and the forward P/E of 13.53 suggests a highly attractive valuation with strong expected earnings growth. Despite a minor short-term pullback, the price remains well above the 200-day SMA, indicating a healthy long-term uptrend. Recent headlines further support a ''cheap'' valuation outlook for the stock over a multi-year horizon.','{"ticker": "XOM", "asof_utc": "2026-07-15T20:16:57+00:00", "price": 144.5, "sma_short": 146.12, "sma_long": 135.49, "rsi": 54.64, "ret_1m_pct": -1.71, "ret_3m_pct": -2.52, "trailing_pe": 24.367622, "forward_pe": 13.532307, "roe": 0.09873, "profit_margin": 0.077649996, "revenue_growth": 0.026, "debt_to_equity": 18.261, "headlines": ["ExxonMobil Is Poised for a Major Transformation by 2040", "ExxonMobil vs. Phillips 66: Which Energy Stock Should You Pick?", "If You\u2019d Invested $10,000 In Exxon Mobil When The Iran Conflict Started, Here\u2019s How Much You\u2019d Have Now", "Once-Shunned Refiners Are Minting Money", "How Cheap Is ExxonMobil Stock Once You Look Two Years Out?", "Chevron Entered The AI Power Business. The Oil Patch Won''t Be The Same.", "Oil Crosses $80 Again: Can ExxonMobil''s Upstream Business Thrive?", "Here is What to Know Beyond Why ExxonMobil Holdings Corporation (XOM) is a Trending Stock"]}','{"content": "{\"signal\": \"BUY\", \"confidence\": 0.85, \"reasoning\": \"The significant compression between the trailing P/E of 24.37 and the forward P/E of 13.53 suggests a highly attractive valuation with strong expected earnings growth. Despite a minor short-term pullback, the price remains well above the 200-day SMA, indicating a healthy long-term uptrend. Recent headlines further support a ''cheap'' valuation outlook for the stock over a multi-year horizon.\"}", "reasoning_content": "*   Ticker: XOM (ExxonMobil)\n    *   Current Position: None\n    *   Horizon: 6-12 months\n    *   Price: $144.50\n    *   SMA50: $146.12 (Price is slightly below 50-day SMA)\n    *   SMA200: $135.49 (Price is well above 200-day SMA - bullish long-term)\n    *   RSI14: 54.64 (Neutral)\n    *   Returns: -1.71% (1m), -2.52% (3m) - Slight short-term pullback.\n    *   P/E: Trailing 24.37, Forward 13.53 (Significant compression, suggesting expected earnings growth).\n    *   ROE: 9.9%\n    *   Profit Margin: 7.8%\n    *   Revenue Growth: 2.6%\n    *   Debt/Equity: 18.26\n    *   Headlines: Transformation by 2040, comparison with Phillips 66, oil crossing $80, AI power business (Chevron context), \"How cheap is XOM stock once you look two years out?\".\n\n    *   *Bullish:* Forward P/E of 13.53 is quite attractive for a major energy player. Price is above the 200-day SMA, indicating a long-term uptrend. Headlines suggest \"cheapness\" over a 2-year horizon and a focus on transformation/growth.\n    *   *Bearish/Neutral:* Short-term price action is slightly negative (-2.52% over 3 months). RSI is neutral. Debt/Equity is moderate.\n    *   *Synthesis:* The valuation (Forward P/E) is the strongest signal here. A forward P/E of 13.53 compared to a trailing P/E of 24.37 suggests significant expected earnings growth or a valuation correction in favor of the stock. The long-term trend (SMA200) is positive.\n\n    *   Action: BUY\n    *   Confidence: 0.85 (Strong valuation signal, though short-term price action is slightly soft).\n    *   Reasoning: The significant compression between the trailing P/E (24.37) and forward P/E (13.53) indicates strong expected earnings growth and attractive valuation. While short-term price action is slightly negative, the stock remains well above its 200-day SMA, supporting a bullish long-term trend. Headlines further reinforce a \"cheap\" valuation outlook over the next two years.\n\n    *   JSON format? Yes.\n    *   One action? Yes.\n    *   Reasoning 2-4 sentences? Yes.\n    *   No other text? Yes.", "finish_reason": "stop"}',115749,NULL,'2026-07-16T01:19:58+00:00');
INSERT INTO decisions VALUES(49,2,'rules','CVX','HOLD',181.6699999999999875,'technical: uptrend (SMA50 181.76 > SMA200 170.86), RSI 56.74 ok -> BUY | fundamental: P/E 31.6, ROE 7% in neutral zone -> HOLD | sentiment: neutral score +1 across 8 headlines -> HOLD | vote {''BUY'': 1, ''HOLD'': 2} => HOLD','{"ticker": "CVX", "asof_utc": "2026-07-15T20:16:59+00:00", "price": 181.67, "sma_short": 181.76, "sma_long": 170.86, "rsi": 56.74, "ret_1m_pct": -2.96, "ret_3m_pct": -1.97, "trailing_pe": 31.649826, "forward_pe": 14.480059, "roe": 0.06638, "profit_margin": 0.059270002, "revenue_growth": 0.023, "debt_to_equity": 23.989, "headlines": ["Apple Is Up 20% in 2026. What Will It Take for AAPL Stock to Hit $350?", "Why Chevron (CVX) is Poised to Beat Earnings Estimates Again", "Once-Shunned Refiners Are Minting Money", "Chevron (CVX) Offers Rival Drillers Chemical Technology to Increase Shale Oil Output, Reuters Reports", "The Zacks Analyst Blog Highlights Chevron, TotalEnergies, Robinhood, Oil-Dri and Aeries", "How Cheap Is ExxonMobil Stock Once You Look Two Years Out?", "Top Stock Reports for Chevron, TotalEnergies & Robinhood", "Jim Cramer Makes Big Claims For Valero Energy Corporation (VLO)"]}',NULL,NULL,NULL,'2026-07-16T01:19:58+00:00');
INSERT INTO decisions VALUES(50,2,'llm','CVX','BUY',181.6699999999999875,'[conf 0.85] The significant compression between the trailing P/E (31.65) and forward P/E (14.48) indicates strong expected earnings growth over the 6-12 month horizon. Despite a minor recent price pullback, the stock remains well above its 200-day SMA, and positive headlines regarding earnings beats and shale technology advancements support a bullish outlook.','{"ticker": "CVX", "asof_utc": "2026-07-15T20:16:59+00:00", "price": 181.67, "sma_short": 181.76, "sma_long": 170.86, "rsi": 56.74, "ret_1m_pct": -2.96, "ret_3m_pct": -1.97, "trailing_pe": 31.649826, "forward_pe": 14.480059, "roe": 0.06638, "profit_margin": 0.059270002, "revenue_growth": 0.023, "debt_to_equity": 23.989, "headlines": ["Apple Is Up 20% in 2026. What Will It Take for AAPL Stock to Hit $350?", "Why Chevron (CVX) is Poised to Beat Earnings Estimates Again", "Once-Shunned Refiners Are Minting Money", "Chevron (CVX) Offers Rival Drillers Chemical Technology to Increase Shale Oil Output, Reuters Reports", "The Zacks Analyst Blog Highlights Chevron, TotalEnergies, Robinhood, Oil-Dri and Aeries", "How Cheap Is ExxonMobil Stock Once You Look Two Years Out?", "Top Stock Reports for Chevron, TotalEnergies & Robinhood", "Jim Cramer Makes Big Claims For Valero Energy Corporation (VLO)"]}','{"content": "{\"signal\": \"BUY\", \"confidence\": 0.85, \"reasoning\": \"The significant compression between the trailing P/E (31.65) and forward P/E (14.48) indicates strong expected earnings growth over the 6-12 month horizon. Despite a minor recent price pullback, the stock remains well above its 200-day SMA, and positive headlines regarding earnings beats and shale technology advancements support a bullish outlook.\"}", "reasoning_content": "*   Ticker: CVX (Chevron)\n    *   Current Position: None\n    *   Horizon: 6-12 months\n    *   Price: $181.67\n    *   SMA50: $181.76 (Price is slightly below SMA50)\n    *   SMA200: $170.86 (Price is well above SMA200 - bullish long-term trend)\n    *   RSI14: 56.74 (Neutral/slightly bullish)\n    *   Returns: -2.96% (1m), -1.97% (3m) - slight recent pullback.\n    *   Trailing P/E: 31.65 (High)\n    *   Forward P/E: 14.48 (Significantly lower, suggesting expected earnings growth)\n    *   ROE: 6.6%\n    *   Profit Margin: 5.9%\n    *   Revenue Growth: 2.3%\n    *   Debt/Equity: 23.99\n    *   Headlines: Positive sentiment (\"Poised to Beat Earnings\", \"Minting Money\" for refiners, \"Chemical Technology to Increase Shale Oil Output\").\n\n    *   *Bullish:* Price is above the 200-day SMA. Forward P/E (14.48) is much lower than trailing P/E (31.65), indicating strong expected earnings growth. Positive news regarding earnings beats and technological advantages in shale oil.\n    *   *Bearish/Neutral:* Recent 1-month and 3-month returns are slightly negative. Trailing P/E is high. ROE and profit margins are relatively modest.\n    *   *Synthesis:* The discrepancy between trailing and forward P/E is a strong signal for a 6-12 month horizon, suggesting the market is pricing in a significant recovery or growth phase. The price being above the 200-day SMA confirms a long-term uptrend.\n\n    *   Action: BUY\n    *   Confidence: 0.85 (Strong forward valuation and positive news sentiment outweigh the minor recent price pullback).\n    *   Reasoning: The significant gap between the trailing P/E (31.65) and forward P/E (14.48) suggests substantial expected earnings growth over the next year. Additionally, the price remains well above the 200-day SMA, and positive headlines regarding earnings beats and technological advancements in shale production support a bullish outlook.\n\n    *   JSON format? Yes.\n    *   Only JSON? Yes.\n    *   Signal: BUY.\n    *   Confidence: 0.85.\n    *   Reasoning: 2-4 sentences.", "finish_reason": "stop"}',94026,NULL,'2026-07-16T01:21:32+00:00');
CREATE TABLE trades (
    id          INTEGER PRIMARY KEY AUTOINCREMENT,
    run_id      INTEGER NOT NULL REFERENCES runs(run_id),
    arm         TEXT NOT NULL,
    ticker      TEXT NOT NULL,
    side        TEXT NOT NULL,              -- BUY / SELL
    qty         REAL NOT NULL,
    price       REAL NOT NULL,
    notional    REAL NOT NULL,
    created_utc TEXT NOT NULL
);
INSERT INTO trades VALUES(1,2,'llm','AAPL','BUY',12.21374045801526797,327.5,4000.000000000000455,'2026-07-15T20:18:33+00:00');
INSERT INTO trades VALUES(2,2,'llm','MSFT','BUY',10.11045673988322414,395.6299999999999955,4000.0,'2026-07-15T20:19:33+00:00');
INSERT INTO trades VALUES(3,2,'llm','NVDA','BUY',18.8235294117647065,212.5,4000.0,'2026-07-15T20:20:47+00:00');
INSERT INTO trades VALUES(4,2,'rules','GOOGL','BUY',10.78399654912110429,370.9200000000000159,4000.0,'2026-07-15T20:20:47+00:00');
INSERT INTO trades VALUES(5,2,'llm','GOOGL','BUY',10.78399654912110429,370.9200000000000159,4000.0,'2026-07-15T20:22:53+00:00');
INSERT INTO trades VALUES(6,2,'llm','NFLX','BUY',54.28881650380021285,73.68000000000000683,4000.0,'2026-07-16T00:49:54+00:00');
INSERT INTO trades VALUES(7,2,'rules','AMZN','BUY',15.68873548791967388,254.9600000000000079,4000.0,'2026-07-16T00:49:54+00:00');
INSERT INTO trades VALUES(8,2,'llm','AMZN','BUY',15.68873548791967388,254.9600000000000079,4000.0,'2026-07-16T00:51:02+00:00');
INSERT INTO trades VALUES(9,2,'llm','WMT','BUY',35.54607660179507888,112.5300000000000011,4000.000000000000455,'2026-07-16T00:53:20+00:00');
INSERT INTO trades VALUES(10,2,'llm','HD','BUY',11.71508903467666408,341.4399999999999978,4000.0,'2026-07-16T00:54:27+00:00');
INSERT INTO trades VALUES(11,2,'llm','MCD','BUY',15.09718814870730341,264.9499999999999887,4000.0,'2026-07-16T00:55:58+00:00');
INSERT INTO trades VALUES(12,2,'rules','KO','BUY',48.51425106124924013,82.45000000000000284,4000.0,'2026-07-16T00:55:58+00:00');
INSERT INTO trades VALUES(13,2,'llm','KO','BUY',48.51425106124924013,82.45000000000000284,4000.0,'2026-07-16T00:57:00+00:00');
INSERT INTO trades VALUES(14,2,'rules','PG','BUY',27.02154968587448636,148.0300000000000011,4000.000000000000455,'2026-07-16T00:57:00+00:00');
INSERT INTO trades VALUES(15,2,'llm','PG','BUY',27.02154968587448636,148.0300000000000011,4000.000000000000455,'2026-07-16T00:58:13+00:00');
INSERT INTO trades VALUES(16,2,'rules','JPM','BUY',11.5303681070018147,346.910000000000025,4000.0,'2026-07-16T01:05:47+00:00');
INSERT INTO trades VALUES(17,2,'llm','JPM','BUY',11.5303681070018147,346.910000000000025,4000.0,'2026-07-16T01:06:59+00:00');
INSERT INTO trades VALUES(18,2,'llm','BAC','BUY',64.94560805325539831,61.59000000000000341,4000.0,'2026-07-16T01:08:27+00:00');
INSERT INTO trades VALUES(19,2,'rules','V','BUY',11.26316382271780193,355.1399999999999864,4000.0,'2026-07-16T01:08:27+00:00');
INSERT INTO trades VALUES(20,2,'llm','V','BUY',11.26316382271780193,355.1399999999999864,4000.0,'2026-07-16T01:09:51+00:00');
INSERT INTO trades VALUES(21,2,'rules','JNJ','BUY',16.19302080803173637,247.0200000000000102,3999.999999999999545,'2026-07-16T01:09:51+00:00');
INSERT INTO trades VALUES(22,2,'llm','JNJ','BUY',16.19302080803173637,247.0200000000000102,3999.999999999999545,'2026-07-16T01:11:15+00:00');
INSERT INTO trades VALUES(23,2,'rules','UNH','BUY',9.55748829207684203,418.5199999999999819,3999.999999999999545,'2026-07-16T01:11:15+00:00');
INSERT INTO trades VALUES(24,2,'llm','UNH','BUY',9.55748829207684203,418.5199999999999819,3999.999999999999545,'2026-07-16T01:12:44+00:00');
INSERT INTO trades VALUES(25,2,'llm','PFE','BUY',161.290322580645153,24.80000000000000071,4000.0,'2026-07-16T01:14:16+00:00');
INSERT INTO trades VALUES(26,2,'rules','CAT','BUY',4.374931641693098783,914.2999999999999546,4000.0,'2026-07-16T01:14:16+00:00');
INSERT INTO trades VALUES(27,2,'llm','CAT','BUY',4.374931641693098783,914.2999999999999546,4000.0,'2026-07-16T01:16:02+00:00');
INSERT INTO trades VALUES(28,2,'llm','XOM','BUY',27.68166089965398057,144.5,4000.0,'2026-07-16T01:19:58+00:00');
INSERT INTO trades VALUES(29,2,'llm','CVX','BUY',22.01794462486926917,181.6699999999999875,4000.0,'2026-07-16T01:21:32+00:00');
INSERT INTO trades VALUES(30,2,'benchmark','SPY','BUY',132.483671387501488,754.8099999999999454,99999.9999999999855,'2026-07-16T01:21:32+00:00');
CREATE TABLE positions (
    arm      TEXT NOT NULL,
    ticker   TEXT NOT NULL,
    qty      REAL NOT NULL,
    avg_cost REAL NOT NULL,
    PRIMARY KEY (arm, ticker)
);
INSERT INTO positions VALUES('llm','AAPL',12.21374045801526797,327.5);
INSERT INTO positions VALUES('llm','MSFT',10.11045673988322414,395.6299999999999955);
INSERT INTO positions VALUES('llm','NVDA',18.8235294117647065,212.5);
INSERT INTO positions VALUES('rules','GOOGL',10.78399654912110429,370.9200000000000159);
INSERT INTO positions VALUES('llm','GOOGL',10.78399654912110429,370.9200000000000159);
INSERT INTO positions VALUES('llm','NFLX',54.28881650380021285,73.68000000000000683);
INSERT INTO positions VALUES('rules','AMZN',15.68873548791967388,254.9600000000000079);
INSERT INTO positions VALUES('llm','AMZN',15.68873548791967388,254.9600000000000079);
INSERT INTO positions VALUES('llm','WMT',35.54607660179507888,112.5300000000000011);
INSERT INTO positions VALUES('llm','HD',11.71508903467666408,341.4399999999999978);
INSERT INTO positions VALUES('llm','MCD',15.09718814870730341,264.9499999999999887);
INSERT INTO positions VALUES('rules','KO',48.51425106124924013,82.45000000000000284);
INSERT INTO positions VALUES('llm','KO',48.51425106124924013,82.45000000000000284);
INSERT INTO positions VALUES('rules','PG',27.02154968587448636,148.0300000000000011);
INSERT INTO positions VALUES('llm','PG',27.02154968587448636,148.0300000000000011);
INSERT INTO positions VALUES('rules','JPM',11.5303681070018147,346.910000000000025);
INSERT INTO positions VALUES('llm','JPM',11.5303681070018147,346.910000000000025);
INSERT INTO positions VALUES('llm','BAC',64.94560805325539831,61.59000000000000341);
INSERT INTO positions VALUES('rules','V',11.26316382271780193,355.1399999999999864);
INSERT INTO positions VALUES('llm','V',11.26316382271780193,355.1399999999999864);
INSERT INTO positions VALUES('rules','JNJ',16.19302080803173637,247.0200000000000102);
INSERT INTO positions VALUES('llm','JNJ',16.19302080803173637,247.0200000000000102);
INSERT INTO positions VALUES('rules','UNH',9.55748829207684203,418.5199999999999819);
INSERT INTO positions VALUES('llm','UNH',9.55748829207684203,418.5199999999999819);
INSERT INTO positions VALUES('llm','PFE',161.290322580645153,24.80000000000000071);
INSERT INTO positions VALUES('rules','CAT',4.374931641693098783,914.2999999999999546);
INSERT INTO positions VALUES('llm','CAT',4.374931641693098783,914.2999999999999546);
INSERT INTO positions VALUES('llm','XOM',27.68166089965398057,144.5);
INSERT INTO positions VALUES('llm','CVX',22.01794462486926917,181.6699999999999875);
INSERT INTO positions VALUES('benchmark','SPY',132.483671387501488,754.8099999999999454);
CREATE TABLE arms (
    arm  TEXT PRIMARY KEY,
    cash REAL NOT NULL
);
INSERT INTO arms VALUES('llm',20000.0);
INSERT INTO arms VALUES('rules',64000.0);
INSERT INTO arms VALUES('benchmark',0.0);
CREATE TABLE snapshots (
    id          INTEGER PRIMARY KEY AUTOINCREMENT,
    run_id      INTEGER NOT NULL REFERENCES runs(run_id),
    arm         TEXT NOT NULL,
    cash        REAL NOT NULL,
    equity      REAL NOT NULL,
    created_utc TEXT NOT NULL
);
INSERT INTO snapshots VALUES(1,2,'llm',20000.0,100000.0,'2026-07-16T01:21:32+00:00');
INSERT INTO snapshots VALUES(2,2,'rules',64000.0,100000.0,'2026-07-16T01:21:32+00:00');
INSERT INTO snapshots VALUES(3,2,'benchmark',0.0,99999.9999999999855,'2026-07-16T01:21:32+00:00');
INSERT INTO sqlite_sequence VALUES('runs',2);
INSERT INTO sqlite_sequence VALUES('decisions',50);
INSERT INTO sqlite_sequence VALUES('trades',30);
INSERT INTO sqlite_sequence VALUES('snapshots',3);
CREATE INDEX idx_decisions_arm_ticker ON decisions(arm, ticker);
CREATE INDEX idx_snapshots_arm ON snapshots(arm);
COMMIT;
